{
  "domain": "cnn.com",
  "theme": "MOVEMENT_SOCIAL",
  "headline": "Obamas announce their slate of projects for Netflix",
  "date": "20190430T184500Z",
  "url": "https://www.cnn.com/2019/04/30/entertainment/obamas-netflix-shows/",
  "title": "Here are the projects the Obamas are working on for Netflix",
  "article": "They include a drama set in post-WWII New York City, a scripted anthology, a children's series, and a number of non-fiction projects.  We created Higher Ground to harness the power of storytelling. That's why we couldn't be more excited about these projects, President Obama said in a release. Touching on issues of race and class, democracy and civil rights, and much more, we believe each of these productions won't just entertain, but will educate, connect, and inspire us all.  American Factory: A documentary set in Ohio about the culture clash that occurs after a Chinese billionaire opens up a new factory where a General Motors plant once stood. The film is directed by Academy Award-nominated and Emmy Award-winners Steven Bognar and Julia Reichert (The Last Truck: Closing of a GM Plant).  Bloom: A drama set in the world of fashion in post-WWII New York City that depicts barriers faced by women and by people of color in an era marked by hurdles but also tremendous progress, according to a release. It is written and executive produced by Academy Award-winner Callie Khouri (Nashville, Thelma and Louise) Untitled feature film: An adaptation of David W. Blight's Frederick Douglass: Prophet of Freedom. Overlooked: An anthology scripted series based on the ongoing New York Times obituary column of the same name about remarkable people whose deaths were not reported by the newspaper. Listen to Your Vegetables and Eat Your Parents: A half-hour family show that will take viewers around the globe on an adventure that tells us the story of our food. Fifth Risk: A non-fiction series based on the Michael Lewis book that will highlight the importance of unheralded work done by everyday heroes guiding our government and safeguarding our nation, according to a release. Crip Camp: A documentary project about a summer camp for disabled teenagers that in the early '70s transformed lives and set in motion the disability rights movement."
}
