{
  "domain": "cnn.com",
  "theme": "CORRUPTION",
  "headline": "Former Chinese internet czar Lu Wei sentenced to 14 years in prison for bribery",
  "date": "20190327T010000Z",
  "url": "https://www.cnn.com/2019/03/26/asia/lu-wei-china-sentenced-corruption-intl/",
  "title": "Former Chinese internet czar Lu Wei sentenced to 14 years in prison for bribery",
  "article": "Beijing (CNN) China has sentenced the country's former internet czar and top censor to 14 years in prison, after he was found guilty of corruption, a court statement said Tuesday.  Lu Wei, who once headed the country's powerful cyberspace administration, had accepted bribes worth more than 32 million yuan ($4.8 million) from 2002 to 2017, according to the Ningbo Intermediate People's Court in eastern China.  Lu, 59, was charged in July 2018. He said he would not appeal the verdict.  Lu's sudden fall from power began two years earlier, in mid-2016 , when he left his position at the Cyberspace Administration. At that time, some speculated Lu was destined for even higher office. Such was his perceived connection to Chinese President Xi Jinping, who consistently promoted Lu during earlier periods in his career.  But it soon became apparent the censor had lost favor; an official corruption investigation was announced just weeks before the opening of the 2017 World Internet Conference, a gathering of China's top government officials and industry leaders seen as his brainchild.  He was dismissed from public office and expelled from the Communist party in February 2018.  Short and stocky, with a wide smile and larger-than-life presence, Lu was born in 1960. He started his climb through the ranks of China's propaganda and censorship apparatus at Xinhua, which he joined as a regional correspondent in the 1990s.  By 2001, he was the news agency's secretary general, and would become its vice president within three years. According to some reports, he was an ally of former Premier Wen Jiabao and responsible in part for crafting his man-of-the-people Grandpa Wen image.  After a brief stint overseeing propaganda and publicity for the Beijing government, Lu joined the state council in 2013 and later the newly created Cyberspace Administration of China.  In these roles, he oversaw a crackdown on Weibo, the Chinese Twitter-like platform, reigning in powerful thought leaders and celebrities known as the Big Vs for their verified status.  Lu took a similarly strident line with foreign internet companies, despite the best efforts of tech billionaires like Facebook's Mark Zuckerberg to court him.  This approach has attracted considerable support from other autocratic regimes. China's top tech firms have gone on to sell foreign governments the tools for building their own firewalls, and top officials provided expertise.  While much of what happens within the world of elite Chinese politics is a black box to those on the outside, what is clear is that Lu fell out of grace with Xi, potentially because he had built up a separate powerbase and was seen to be preparing for a future succession battle, when and if Xi himself steps down  In a withering broadside against Lu following his expulsion, the Party's corruption watchdog said Lu did whatever he wanted, commenting on central government policies with bias and distortion, obstructing central government investigations, with his growing ambition he used public tools for personal interests and did whatever it took for personal fame."
}
