{
  "domain": "cnn.com",
  "theme": "ECON_STOCKMARKET",
  "headline": "Uber massive IPO , by the numbers",
  "date": "20190411T211500Z",
  "url": "https://www.cnn.com/business/live-news/uber-ipo/h_717af19011a9997b9b8a2032d8c566f3",
  "title": "Uber's massive IPO, by the numbers",
  "article": "Uber says it will give to some of its drivers.  Payments will be based on how many trips drivers have made since they started driving for Uber:  Additionally, drivers must have completed at least one trip this year and be in good standing with the company.  Drivers eligible for the appreciation awards will have the option to buy shares ahead of the IPO.  Lyft also rewarded some top drivers with cash bonuses of $1,000 or $10,000, depending on certain trip thresholds. Drivers had the option to use the money to buy shares in the company as well."
}
