{
  "domain": "cnn.com",
  "theme": "DRUG_TRADE",
  "headline": "Amy Klobuchar says she supports legalizing marijuana",
  "date": "20190222T224500Z",
  "url": "https://www.cnn.com/2019/02/22/politics/amy-klobuchar-marijuana-legalize-2020/",
  "title": "Amy Klobuchar says she supports legalizing marijuana",
  "article": "I support the legalization of marijuana and believe that states should have the right to determine the best approach to marijuana within their borders, the Minnesota senator said.  Her statement was first reported by the Washington Post, and was given to CNN by a spokesperson.  Her home state will vote on a recreational marijuana bill this year.  Klobuchar is not the only presidential hopeful to have taken this stance -- CNN reported in 2018 that Democratic Sens. Bernie Sanders, Cory Booker and Kirsten Gillibrand all supported The Marijuana Justice Act. All three have announced Democratic presidential bids."
}
