{
  "domain": "cnn.com",
  "theme": "PROPAGANDA",
  "headline": "HBO will air Michael Jackson documentary despite suit by family",
  "date": "20190221T231500Z",
  "url": "https://www.cnn.com/2019/02/21/entertainment/leaving-neverland-hbo-suit/",
  "title": "HBO will air Michael Jackson documentary despite suit by family",
  "article": "Despite the desperate lengths taken to undermine the film, our plans remain unchanged, the network said in a statement to CNN. HBO will move forward with the airing of 'Leaving Neverland,' the two-part documentary, on March 3rd and 4th. This will allow everyone the opportunity to assess the film and the claims in it for themselves.  The lawsuit, obtained by CNN, cites a contract that HBO allegedly agreed to in order to air a Jackson concert in 1992. (CNN and HBO share parent company WarnerMedia.)  HBO breached its agreement not to disparage Michael Jackson by producing and selling to the public a one-sided marathon of unvetted propaganda to shamelessly exploit an innocent man no longer here to defend himself, a statement from Jackson estate attorneys read.  The estate argues that HBO had allegedly agreed to not make any disparaging remarks concerning Jackson or any of his representatives, agents, or business practices or do any act that may harm or disparage or cause to lower in esteem the reputation or public image of Jackson, as part of the contract.  In Leaving Neverland, Wade Robson and James Safechuck allege they experienced years of sexual abuse by Jackson in the late '80s and early '90s, which they describe in graphic detail. Jackson's family immediately criticized the film after its premiere at the Sundance Film Festival last month, calling it a public lynching and Jackson's accusers admitted liars, in reference to sworn statements made by both Safechuck and Robson while Jackson was alive that he did not molest them. Robson made statements in support of Jackson to investigators first in the '90s and testified in support of Jackson at his 2005 trial, where he was acquitted of child molestation and related charges. Safechuck at one point also denied he was molested by Jackson to investigators. The two filed separate civil lawsuits against Jackson's estate that were dismissed on technical grounds and remain under appeal. HBO could have and should have ensured that 'Leaving Neverland' was properly sourced, fact checked and a fair and balanced representation, the statement from the Jackson estate attorneys read. Robson addresses his past testimony and statements in support of Jackson in the documentary, saying, I wish I was at a place where I could tell the truth ... I just wasn't ready. I wasn't able when I was 11 and when I was 22. This story has been updated to correct the attribution of the Jackson family's reaction to the film. It was the family's statement, not the Jackson estate, that called the film a public lynching."
}
