{
  "domain": "cnn.com",
  "theme": "PUBLIC_TRANSPORT",
  "headline": "Sheriff : Shooting suspects are STEM School students",
  "date": "20190508T001500Z",
  "url": "https://www.cnn.com/us/live-news/colorado-school-shooting/h_027be6ba346fefd8b0db8a19e3fe467e",
  "title": "Sheriff: Shooting suspects are STEM School students",
  "article": "Two male suspects who were taken into custody in connection with today's shooting were students at STEM School Highlands Ranch, according to Douglas County Sheriff Tony Spurlock.  When officers arrived at the school, they engaged the suspects and struggled with them to take them into custody, he said.  Spurlock said he believes the suspects used a handgun, based on information they received during an interview."
}
