{
  "domain": "cnn.com",
  "theme": "MANMADE_DISASTER_PLANE_CRASH",
  "headline": "Tamarind Group CEO was aboard fatal flight",
  "date": "20190310T170000Z",
  "url": "https://www.cnn.com/world/live-news/ethiopian-airlines-plane-crash/h_1c165b5b73792072ca01458d1b9f7951",
  "title": "Tamarind Group's CEO was aboard fatal flight",
  "article": "For the second time in less than six months, a brand-new Boeing aircraft crashed minutes into a flight.  The Ethiopian Airlines tragedy on Sunday comes months after a Lion Air flight went down over the Java Sea in late October, killing all 189 people on board.  There is no suggestion yet as to what caused the latest disaster, and no evidence that the two incidents are linked. All that is known, however, is that both flights took place on the Boeing 737 MAX 8 -- a new model recently unveiled to great fanfare by the US aviation giant, that saw its first flight less than two years ago.  The plane that crashed on Sunday morning was delivered to Ethiopian Airlines in November.  In a statement, Boeing said it is deeply saddened to learn of the deaths of those on board.  We extend our heartfelt sympathies to the families and loved ones of the passengers and crew on board and stand ready to support the Ethiopian Airlines team. A Boeing technical team is prepared to provide technical assistance at the request and under the direction of the US National Transportation Safety Board, the company said.  Read more about the Boeing 737 MAX 8 at the link below:"
}
