{
  "domain": "cnn.com",
  "theme": "SOC_INNOVATION",
  "headline": "Art teacher turns student drawings into a dress",
  "date": "20190326T224500Z",
  "url": "https://www.cnn.com/2019/03/26/us/texas-school-teacher-drawings-dress-trnd/",
  "title": "A Texas elementary school teacher has turned her students' artwork into a dress",
  "article": "Rebecca Bonner, art teacher at McAuliffe Elementary School in Highland Village, Texas, said she got the inspiration for her dress from a Facebook group for elementary school art teachers.  Bonner teaches about 580 students from ages 3 to 11 and let them go to town for about two weeks using Sharpies and fabric markers on a plain white dress she bought on Amazon.  My kids loved taking part in designing my dress. We talked about how we had to be respectful of each other's artwork and chose images that I would like on my dress. I loved watching my kids design it.  She said she had the dress designed about a year before last year's annual school-wide art show so she could display the children's work on her wardrobe. She said the purpose of the dress was to build excitement about art.  This year as the District Art Show approached, I decided I would wear it again. My kids loved that I wore it again. A lot of the new students and my kindergartners want me to make a new one for our end of the year school art show! Photos of her dress went viral on Twitter after her daughter Charlece Lake, 20, posted them online as her mom was on her way to the District Art Show on Friday. Not really sure how it went so viral, Bonner said. But I sure am glad that it put some positivity out into our world about public school, the fine arts, and teachers. Bonner said she is so happy that most of the comments on the post are from college age students who want to be teachers. She also said she is glad she gets to play a small part in inspiring future leaders, creators and innovators. I have loved art since I could hold a paintbrush! Art has always been my passion and I am so glad I get to share that with my students every day."
}
