{
  "domain": "cnn.com",
  "theme": "EDUCATION",
  "headline": "Indianapolis children museum removes Michael Jackson hat and gloves but will keep some photos",
  "date": "20190317T180000Z",
  "url": "https://www.cnn.com/2019/03/17/us/michael-jackson-indianapolis-museum-artifacts-leaving-neverland/",
  "title": "Indianapolis children's museum removes Michael Jackson's hat and gloves but will keep some photos",
  "article": "The Children's Museum of Indianapolis says it is removing Jackson's fedora and white gloves, which it obtained in an auction, from its American Pop exhibit, and it's also pulling a signed poster from The Power of Children exhibit, spokeswoman Leslie Olsen said in a statement.  We are very sensitive to our audience, she said. In an excess of caution, and in response to the controversy over the HBO film called 'Leaving Neverland,' which directly involved allegations of abuse against children, we removed those objects while we carefully consider the situation more fully.  It was not immediately clear if the artifacts could be put back on display after museum officials review the situation."
}
