{
  "domain": "cnn.com",
  "theme": "ECON_STOCKMARKET",
  "headline": "Stock market today : Latest news",
  "date": "20190313T124500Z",
  "url": "https://www.cnn.com/business/live-news/stock-market-news-today-031319/",
  "title": "What's moving markets today: Live updates",
  "article": "The Dow , or 0.6%. The S&P 500 increased 0.7%, while the Nasdaq also advanced 0.7%.  Boeing (BA) fell sharply after the US Federal Aviation Administration issued an emergency order banning the use of the companys 737 Max 8 and 9s in the country. But the stock bounced back and finished the day . Boeing is the highest-priced constituent in the Dow.  Rite Aid (RAD) jumped 6% after the drug store chain announced it would replace three top executives, including the CEO. But the stock is still only worth 72 cents ."
}
