{
  "domain": "cnn.com",
  "theme": "ECON_STOCKMARKET",
  "headline": "Warren Buffett Berkshire Hathaway has lost more than $4 billion on Kraft Heinz today",
  "date": "20190222T174500Z",
  "url": "https://www.cnn.com/business/live-news/stock-market-news-today-022219/h_4008ce1cf9edfe2fff982e74888a6aa1",
  "title": "Warren Buffett's Berkshire Hathaway has lost more than $4 billion on Kraft Heinz today",
  "article": "Kraft Heinz (KHC) shares lost more than a quarter of their value Friday following the shocking news of a big writedown and an accounting probe by the SEC . But nobody is feeling the pain of this Velveeta-esque meltdown more than the Oracle of Omaha.  Warren Buffett's Berkshire Hathaway (BRK.B) is the biggest investor in Kraft Heinz. It owns nearly 326 million shares. Following the huge drop Friday, that stake was worth about $4.3 billion less than what it was on Thursday.  Buffett's partner on the Kraft Heinz deal, giant private equity firm 3G Capital, is getting hit hard too. The value of its investment plunged by about $3.5 billion.  that likely own at least a small slice of Kraft Heinz in mutual funds or ETFs. Vanguard, State Street, BlackRock, Invesco and Fidelity are all among the 10 largest shareholders of Kraft Heinz."
}
