{
  "domain": "cnn.com",
  "theme": "POVERTY",
  "headline": "Uber , Lyft drivers plan to strike in more than a dozen major cities",
  "date": "20190508T011500Z",
  "url": "https://www.cnn.com/2019/05/07/tech/uber-driver-strike-ipo/",
  "title": "Why Uber and Lyft drivers are striking",
  "article": "New York (CNN Business) Drivers in more than a dozen cities plan to strike on Wednesday ahead of Uber's highly anticipated Wall Street debut.  The strikes are expected to happen across major US cities, as well as parts of the United Kingdom, Australia and South America. The action kicked off in London at 7 a.m. local time and will last until 4 p.m.  Participating drivers say they intend to send a message to Uber and its rivals: They want livable incomes, job security and regulated fares, among other demands.  In San Diego and Los Angeles, drivers are slated to cease working for 24 hours. In Atlanta, workers plan to log off ride-hail apps for 12 hours. And in New York City, there is a two-hour strike planned from 7 am ET to 9 am ET, which are busy commuting hours.  In addition to powering off their apps, drivers will hold rallies held in strategic places, such as outside local Uber offices.  The same group planted the seed for Wednesday's protest, and many more local worker groups have announced similar strikes in solidarity. It is expected to be the biggest internationally coordinated effort against the ride-hailing companies to date.  Both Uber and Lyft have built their businesses on the backs of drivers. Like some other gig-economy companies, the two have long argued their drivers are independent contractors. That status means workers don't get the same rights as employees, such as a minimum wage, overtime, workers' compensation, unemployment insurance, paid sick leave or on-the-job expenses. Both companies have stated that their businesses would be adversely affected if drivers were classified as employees instead of contractors.  Meanwhile, the competition between the two, as well as smaller companies, has meant engaging in pricing wars. Uber and Lyft are bleeding money, and how much drivers make is the biggest cost they can control.  With the IPO, Uber's corporate owners are set to make billions, all while drivers are left in poverty and go bankrupt, said Bhairavi Desai, executive director of the New York Taxi Workers Alliance, one of the organizations calling for drivers to strike, in a statement.  Why strikes are happening now  The protests have been purposefully planned to take place just ahead of Uber's expected public-trading debut on Friday  one of the biggest moments in the company's 10-year history.  Uber has become a household name, and the most valuable privately held startup in the United States, after raising unprecedented amounts of venture capital. It embraced a growth-at-all-cost mindset, even when that meant questionably ethical means, including dodging regulators.  After cofounder and CEO Travis Kalanick was pushed out of the company in June 2017 following a series of public relations crises, the company's board of directors tapped Dara Khosrowshahi, then head of Expedia, to course correct and take the company public. Now, Khosrowshahi will be beholden to Wall Street's pressures to build a sustainable business. One major variable he and the company will continue to grapple with on that path: its drivers.  While drivers have tried to formally unionize, independent contractors aren't covered by the same organizing protections as employees when it comes to labor laws.  Arun Sundararajan, a professor at New York University's Stern School of Business, told CNN Business that the strikes will be an interesting test of the strength of driver groups. Are they actually representing the majority of the drivers? he said. As the freelance worker collectives evolve, they'll need to come up with ways of inducing participation by offering compensation.  What it could mean for Uber  The company's ability to attract and retain drivers will continue to be important if it wants to keep customers happy with fast pickup times.  Sundararajan said he doesn't expect that the strike ahead of the IPO will diminish investor demand. Most investors, he suggests, are already aware of the ongoing issues between Uber and its drivers.  However the issue could worsen after Uber investors, and executives, convert their rich-on-paper status to rich-in-the-real-world when the company goes public. Workers will continue to face an uncertain future, while Wall Street is sure to closely scrutinize driver costs.  For now, it's unclear how many drivers will take part in the strikes, which are largely being planned and called for by local driver community and labor groups. Uber alone counted 3.9 million drivers around the world at the end of last year. What is clear is that this could be the largest driver protest in the United States yet, and a sign of what lies ahead for the company."
}
