{
  "domain": "cnn.com",
  "theme": "DISCRIMINATION",
  "headline": "Bill Jenkins , who helped end the infamous Tuskegee Syphilis Study , has died at age 73",
  "date": "20190227T183000Z",
  "url": "https://www.cnn.com/2019/02/27/health/bill-jenkins-obit-trnd/",
  "title": "Bill Jenkins, who helped end the infamous Tuskegee Syphilis Study, has died at age 73",
  "article": "(CNN) Bill Jenkins had already started a promising career in public health in the mid-1960s when he learned about one of the darkest chapters in American medical history: the Tuskegee syphilis experiment.  Jenkins, an epidemiologist, played a significant role in exposing the experiment to the public and he funneled his outrage over the racism at the root of the Tuskegee study into a lifelong effort to reduce racial disparities and discrimination in health care.  He died on February 17 in Charleston, South Carolina, at age 73. His death was confirmed by the Morehouse School of Medicine , where he worked for many years.  Jenkins noted that the infamous study actually grew out of an effort started with good intentions, to get a handle on the syphilis health problem in early 20th century America.  The study offered free medical exams, meals and burial insurance to recruit 600 black men, 201 of whom did not have the disease.  Initially the study was only supposed to follow the untreated men for a year, Jenkins recalled. But in 1936 the decision was made to follow them until death. The men were not informed of what was being investigated, and those who carried the disease were not treated for syphilis -- even when penicillin became an effective cure in 1947. Many of the men ended up infecting their wives with syphilis, who in turned passed it on to their children.  Jenkins, who started his career in 1967 as one of the first African-Americans in the Public Health Service Commissioned Corps, said he learned about the study in 1968 and worked with fellow epidemiologist Peter Buxtun to bring some attention to the study so that it could be stopped.  Those efforts were rebuffed, until Peter got with the (Associated Press) reporter who was able to write that first article (about the study), he said.  The study did not end until 1972, after congressional hearings were held and an advisory panel was appointed to review the study. It determined that the knowledge gained was sparse in comparison to the risk it posed to the subjects.  A class action lawsuit quickly followed, which resulted in a $10 million settlement and compensation for living participants and their wives and children like medical benefits and burial services.  The last participant of the study died in 2004, and the last widow receiving benefits died in 2009, according to the CDC. As of 2015 there were 12 offspring of the study's participants receiving medical and health benefits.  He was a vocal critic of racism in health care  Jenkins went on to help take care of the many of the men who participated in the study by serving as the manager of the Participant Health Benefits Program, which offered medical services to them.  At first I took the responsibility because I thought that I had failed to end the study has soon as I heard about it, Jenkins said during a speech at the American College of Epidemiology's Minority Affairs Workshop in 2015. But it became to be a gift to me because I talked to these black men, these old black men, who participated in that study because they thought they were doing a good thing.  He remained a vocal advocate for reducing racial health disparities. He often criticized the medical community for what he considered its reluctance to delve into America's legacy of racism and what role it plays in the chronic health issues that plague minority communities.  It is the only health condition where we want to study the symptom -- race -- rather than the ideological factor -- racism, he said in the American Public Health Association speech. It's amazing to me as an epidemiologist. To solve health disparities, we must also study racism.  A Quaker service for Jenkins is scheduled for March 23 in Decatur, Georgia. A memorial service is set for April 6 at Morehouse College.  An earlier version of this story incorrectly said that Jenkins was a professor at the University of North Carolina when he founded the Minority Health Conference. He was a doctoral student at the time."
}
