{
  "domain": "cnn.com",
  "theme": "ECON_STOCKMARKET",
  "headline": "Stock market today : Latest news",
  "date": "20190215T121500Z",
  "url": "https://www.cnn.com/business/live-news/stock-market-news-today-021519/",
  "title": "What's moving markets today: Live updates",
  "article": "Wall Street continues to bet that the trade war with China is nearly over.  The Dow soared 444 points, or 1.7%, on Friday in response to more progress on US-China trade talks.  The S&P 500 jumped 1.1%. The Nasdaq advanced 0.6%, gaining ground for the sixth day in a row.  For the week, the Dow surged 3%, notching its eighth straight weekly rally. Thats the longest such streak since the fall of 2017. The Nasdaq is also up eight weeks in a row for the first time since the summer of 2016.  Investors cheered further signs of progress on the trade front. President Donald Trump said on Friday that talks with China are going extremely well and will continue next week in Washington.  Banks led the rally, with Goldman Sachs (GS) and Morgan Stanley (MS) climbing 3% apiece. Mattel (MAT) plummeted 18%, its worst day since October 1999, after giving a weak outlook."
}
