{
  "domain": "cnn.com",
  "theme": "ECON_STOCKMARKET",
  "headline": "Southwest says the government shutdown and 737 Max grounding cost it $200 million",
  "date": "20190425T130000Z",
  "url": "https://www.cnn.com/business/live-news/stock-market-news-today-042519/h_d79605356646f9e8b5aa3dc35871a648",
  "title": "Southwest says the government shutdown and 737 Max grounding cost it $200 million",
  "article": "Southwest (LUV) revealed that the government shutdown, the grounding of its Boeing 737 Max fleet and other several unexpected events cost the airline $200 million in the first quarter .  Earlier this month, Southwest said that it was extending changes to its flight schedule to account for the grounded aircraft's absence through much of the busy summer travel season.  The airline had a largely positive earnings report: Revenue and earnings per share slightly beat analysts' expectations.  Southwest's stock is up 3% in premarket trading."
}
