{
  "domain": "cnn.com",
  "theme": "PUBLIC_TRANSPORT",
  "headline": "Child exploitation raids net 82 arrests in eight states",
  "date": "20190503T224500Z",
  "url": "https://www.cnn.com/2019/05/03/us/child-exploitation-suspects-arrests/",
  "title": "Child exploitation operations net 82 arrests in eight states",
  "article": "This three-day operation provides a snapshot of the work that the (Internet Crimes Against Children) Task Force is doing round the clock, seven days per week. Predators are real, and they walk among us, Alan K. Flora, commander of the North Carolina task force, said.  The raids and undercover operations targeted people who had or were distributing child pornography and others who used technology and the internet to exploit children, according to the news release from the North Carolina State Bureau of Investigation.  Seven people were arrested after they allegedly traveled to meet and have sex with a minor, the agency said."
}
