{
  "domain": "cnn.com",
  "theme": "DISCRIMINATION",
  "headline": "Andy Cohen received GLAAD Vito Russo award and gave a touching speech about being gay and his son",
  "date": "20190506T054500Z",
  "url": "https://www.cnn.com/2019/05/06/entertainment/andy-cohen-glaad-awards/",
  "title": "Andy Cohen received GLAAD's Vito Russo award and gave a touching speech about being gay and his son",
  "article": "(CNN) After 21-year-old Andy Cohen came out as gay during his time as a CBS intern, he never looked back.  Nearly 30 years later, the Emmy-Award winning host and producer was honored with the Vito Russo Award at the 30th Annual GLAAD Media Awards Saturday night.  I am very honored and humbled to receive this award, Cohen said. (Russo)... saw how gay visibility could change minds and open hearts.  Russo, an LGBT activist, film historian and author, help found GLAAD and pushed for the inclusion of LGBTQ performers and stories in the entertainment industry.  It was shortly before Russo passed away in 1990 that Cohen got to hear him in an interview, while he was interning at CBS.  Hardly anyone seemed to be openly gay in the newsroom, he said. Seeing Vito Russo that morning and the bigotry of some of my coworkers, it changed me. A month later I came out at work, I was just an intern but I made it clear to everyone that I was a super gay intern, he said.  'No hate, no bias, no bigotry' in son's eyes  Cohen says he's thankful to be gay today, but the fight is not over.  It's a fight I'm committed to even more so now that I'm a father, he said.  In February, Cohen introduced his baby son, Benjamin, to the world in a Instagram post, saying he was in love, speechless, and eternally grateful to an incredible surrogate.  On Saturday, Cohen remembered back to the time his son was born, saying I looked into his eyes and I saw that there was no hate, no bias, no bigotry, just love.  That's how we come into this world and that is how we hopefully one day we will all live in it."
}
