{
  "domain": "cnn.com",
  "theme": "CYBER_ATTACK",
  "headline": "Trump slams Democrats over Cohen timing , names him a liar",
  "date": "20190228T093000Z",
  "url": "https://www.cnn.com/2019/02/28/politics/donald-trump-michael-cohen-liar/",
  "title": "Trump slams Democrats over Cohen timing, names him a liar",
  "article": "I think having a fake hearing like that and having it in the middle of this very important summit is really a terrible thing. They could've made it two days later or next week, Trump said. But having it during this very important summit is sort of incredible.  Trump awoke in Vietnam on Thursday while US newscasts were still picking through Cohen's unsparing testimony. The President did not address the specific allegations Cohen leveled against him, but said his former adviser lied a lot.  During his seven hours of testimony, Cohen accused Trump of being a racist, a conman and a cheat. He claimed that Trump was aware during the 2016 campaign of his longtime political adviser Roger Stone's communications with WikiLeaks about the release of hacked Democratic emails. And once again -- this time before the cameras -- he implicated Trump in federal crimes.  He lied a lot, Trump said. He lied about so many different things. Still, Trump said he was impressed that Cohen told the truth when asked about collusion between the Trump campaign and Russia, claiming that Cohen said there was no collusion. Cohen said he did not have evidence of collusion between the Trump campaign and Russia, but did not unequivocally say it did not take place. Cohen's congressional testimony did more than draw attention away from his summit with North Korean leader Kim Jong Un. It also amounted to a distraction for the President himself, who tweeted about Cohen's testimony between meetings on Wednesday and then turned on the TV to watch himself after returning from dinner with Kim. I tried to watch as much as I could, Trump said during his news conference on Thursday, though he said he wasn't able to watch too much because I was a little busy. During a break in meetings on Wednesday, Trump took to Twitter to slam his longtime top former aide as a lying, unreliable witness. Michael Cohen was one of many lawyers who represented me (unfortunately). He had other clients also. He was just disbarred by the State Supreme Court for lying & fraud. He did bad things unrelated to Trump. He is lying in order to reduce his prison time. Using Crooked's lawyer! Trump tweeted, falsely claiming Cohen's testimony before Congress would help reduce his prison time. After returning from his dinner with Kim, as Cohen laced into his former boss, Trump tweeted about his great meeting and dinner with Kim. He then retweeted his earlier Cohen tweet."
}
