{
  "domain": "cnn.com",
  "theme": "IDEOLOGY",
  "headline": "Facebook could launch new section of  high quality  news by end of 2019",
  "date": "20190401T234500Z",
  "url": "https://www.cnn.com/2019/04/01/tech/facebook-high-quality-news-launch/",
  "title": "Facebook could launch new section of 'high quality' news by end of 2019",
  "article": "The new section, Zuckerberg said, would be modeled after Facebook's existing Watch tab, a section on the platform that hosts videos and original programming. It would be separate from News Feed which would remain unchanged, meaning users would still be able to share and find news there.  Because that has started to grow really quickly, and that's a lot of video that now people use through our services, we've decided that there really is an opportunity to do something like that with news as well, Zuckerberg explained in the discussion with Mathias D\u00f6pfner, chief executive of news publisher Axel Springer.  Zuckerberg said he envisioned the news destination as a place 10, 15, maybe 20-percent of Facebook users would use, giving the company the ability to dramatically increase the distribution of high-end journalism. He described it as a place that would be both personalized and curated.  So, of course anything that we do is going to be personalized, Zuckerberg said. But there's a question I have, which is, what is the right level of curation that we should have in order to  we're not going to have journalists making news  but I think what we want to do is make sure that this is a product that can get people high quality news, right?  While Zuckerberg might not envision hiring journalists to produce original work for Facebook, the person familiar with the internal conversations said that discussions are currently underway about potentially hiring a small team of journalists to curate the news in the new section. In building the new feature, Zuckerberg outlined three principles he said he wants to stick with. First, he wants to build the product in a consultive way in which experts in the field have the opportunity to provide feedback. Second, he wants to improve monetization for publishers from News Feed. And finally, he wants to foster an online ecosystem in which new types of journalism can thrive. The possibility for increased monetization is likely to catch the eye of publishers. Zuckerberg said Facebook should be thinking about the possibility of paying publishers license fees, an idea that has been floated by news executives. I think that makes sense and there's a lot of details to work out but it's one of the things I'm optimistic that could make this more sustainable, Zuckerberg said. That said, some publishers are likely to be skeptical of Zuckerberg's plans, given Facebook's fraught relationship with media organizations. Some leaders in the news industry have said Facebook has undermined their business models, and others have even blamed the company's shifting strategies for putting them out of business. Zuckerberg's announcement comes after Apple's major foray into news, with the launch of a subscription service last week."
}
