{
  "domain": "cnn.com",
  "theme": "ECON_ENTREPRENEURSHIP",
  "headline": "CNN to host 5 town halls next week with 2020 Democratic candidates",
  "date": "20190402T223000Z",
  "url": "https://www.cnn.com/2019/04/02/politics/cnn-town-halls-2020-democratic-candidates-washington-dc/",
  "title": "to host 5 town halls next week with 2020 Democratic candidates",
  "article": "(CNN) CNN will host town halls with five Democratic candidates vying to run against President Donald Trump in 2020.  New York Sen. Kirsten Gillibrand will answer questions at an April 9 town hall moderated by CNN's Erin Burnett.  Washington Gov. Jay Inslee will join CNN for a town hall on April 10. CNN's Wolf Blitzer will moderate.  Former Housing and Urban Development Secretary Juli\u00e1n Castro will appear at a town hall on April 11, which CNN's Don Lemon will moderate.  All three of those town halls will air live on CNN at 10 p.m. ET.  CNN will also host back-to-back town halls on April 14 with two other Democratic hopefuls.  Gillibrand, who was recently re-elected to a second term in the Senate, became the first Democratic candidate to release her 2018 tax return, and called on her rivals to do the same.  Inslee is running as a rare single-issue candidate, making combating climate change the central rationale for his campaign.  Castro, a former mayor of San Antonio, was one of the first candidates to jump into the 2020 race and is the only Latino politician running in 2020.  Williamson authored several best-selling books and has been a spiritual counselor to Oprah Winfrey.  Yang is an entrepreneur who launched Venture for America, a fellowship program that aims to connect recent grads with startups.  This story has been updated."
}
