{
  "domain": "cnn.com",
  "theme": "PROPAGANDA",
  "headline": "Modi biopic banned during Indian election",
  "date": "20190410T143000Z",
  "url": "https://www.cnn.com/2019/04/10/asia/modi-biopic-india-election-intl/",
  "title": "Modi Bollywood biopic banned during Indian election",
  "article": "The Election Commission of India announced on Wednesday that it was halting the release of the biopic until after the elections -- which kick off on April 11 and last about six weeks.  The move comes days after the film's producers announced its release would be postponed, after it failed to get a censor's certificate in time.  The film -- in which Modi is played by Indian actor Vivek Oberoi -- depicts various moments throughout the future prime minister's life, including selling tea on the railways as a child, a two-year spiritual stint in the Himalayas as a teen and leading the nationalist Bharatiya Janata Party (BJP) to a landslide victory at the polls in 2014.  In India, any material that would serve as a political advertisement is banned during the weeks leading up to an election, unless it is approved by the Election Commission. In its decision, the commission said any biopic material subserving the purposes of any political entity and that had the potential to disturb the level playing field during the elections, should not be displayed during the election period. Modi's BJP has distanced itself from the film, saying independent artists, influenced by the lifestyle of Prime Minister Narendra Modi, created the film but the BJP is in no way involved in it. There is no content related to the election which can be banned under the model code of conduct, CNN affiliate News 18 reported."
}
