{
  "domain": "cnn.com",
  "theme": "AGRICULTURE",
  "headline": "Almost 70 , 000 pounds of Tyson chicken strips recalled",
  "date": "20190322T104500Z",
  "url": "https://www.cnn.com/2019/03/22/health/tyson-chicken-strip-recall/",
  "title": "Almost 70,000 pounds of Tyson chicken strips recalled",
  "article": "The recall affects about 69,093 pounds of frozen, ready-to-eat chicken strip products produced on November 30, 2018, the US Department of Agriculture's Food Safety and Inspection Service (FSIS) said in a news release.  Products under the recall include: Tyson fully cooked buffalo-style chicken strips in 25-ounce bags, Tyson fully cooked crispy chicken strips in 25-ounce bags and Spare Time fully cooked buffalo-style chicken strips in a 20-pound case.  All affected products have a use-by date of November 30, 2019.  FSIS discovered the problem because of two consumer complaints about extraneous materials in chicken strip products, the agency said. Consumers are urged to throw away or return products that might be impacted and not to consume them.  , Tyson recalled 36,420 pounds of chicken nuggets after a consumer reported finding rubber in the chicken nuggets. , Tyson recalled 36,420 pounds of chicken nuggets after a consumer reported finding rubber in the chicken nuggets. In January , Tyson recalled 36,420 pounds of chicken nuggets after a consumer reported finding rubber in the chicken nuggets. Also in January , Perdue issued a recall after receiving three complaints from consumers who reported finding wood in gluten-free chicken nuggets. There have been no confirmed reports of illness or injury from consumption of these products, FSIS said."
}
