{
  "domain": "cnn.com",
  "theme": "FREESPEECH",
  "headline": "Singapore fake news law : Facebook , Twitter and Google push back",
  "date": "20190509T154500Z",
  "url": "https://www.cnn.com/2019/05/09/tech/singapore-fake-news-law-tech/",
  "title": "Google says Singapore risks hurting innovation with fake news law",
  "article": "Google, Facebook, and Twitter voiced their reservations on Thursday about the statute after it was approved by lawmakers in Singapore. The new law criminalizes the spread of false statements of fact, as defined by the government.  Critics argue the law will hurt freedom of speech by forcing social media platforms to censor users in order to avoid potential fines.  , which has its Asia headquarters in Singapore, says it was concerned that this law will hurt innovation and that how the law is implemented matters. , which has its Asia headquarters in Singapore, says it was concerned that this law will hurt innovation and that how the law is implemented matters.  , said the company remains concerned with aspects of the new law and hopes the government will take a proportionate and measured approach in applying the rules. Simon Milner, vice president of public policy at, said the company remains concerned with aspects of the new law and hopes the government will take a proportionate and measured approach in applying the rules.  , which said it has privately raised its concerns with the government, also expressed uncertainty about how the full extent of the law would be enforced. , which said it has privately raised its concerns with the government, also expressed uncertainty about how the full extent of the law would be enforced. A company spokesperson said that it would watch if the concerns carefully articulated by academics, journalists, and civil society groups in Singapore and around the world over recent weeks will be addressed appropriately. Google opened its Asia-Pacific headquarters in Singapore 2016. The company expressed concerns about the country's new law on Thursday. The law criminalizes false statements that threaten Singapore's national security, public tranquility and the friendly relations of Singapore with other countries. It also seeks to prevent users from inciting hatred online, or acting to diminish public confidence in the government. Companies found guilty of spreading fake news can face fines of up to 1 million Singapore dollars ($733,000). 'Cyber flashers' in Singapore could now get two years in prison The new rules, which were approved on Wednesday, pose a fresh challenge to social media companies that have been under pressure around the world to crack down on misinformation and offensive content. extremist activity online. That summit is scheduled for next week. Last month, the governments of New Zealand and France summoned major tech CEOs to meet with them in Paris to discuss ways to endextremist activity online. That summit is scheduled for next week. The intensity of the debate over the last few weeks has highlighted the need for a full and transparent public consultation, a Google spokesperson said Thursday. Misinformation is a challenging issue and we are working hard to address it, the spokesperson added."
}
