{
  "domain": "cnn.com",
  "theme": "DEMOCRACY",
  "headline": "CNN to host John Hickenlooper for 2020 town hall",
  "date": "20190313T141500Z",
  "url": "https://www.cnn.com/2019/03/13/politics/cnn-town-hall-john-hickenlooper-2020/",
  "title": "to host John Hickenlooper for 2020 town hall next week",
  "article": "The former Colorado governor will answer questions at a town hall moderated by Dana Bash at the CNN Center in Atlanta. The event is scheduled for 10 p.m. EDT.  In his announcement video , Hickenlooper chronicled his life as a geologist, an owner of a brewpub, the mayor of Denver and the governor of Colorado from 2011 to 2019. He touted his work securing health care coverage for his constituents, boosting job growth, creating tough environmental laws and passing gun legislation.  I'm running for president because we're facing a crisis that threatens everything we stand for, he said. He slammed President Donald Trump as a bully and said, As a skinny kid with coke bottle glasses and a funny last name, I've stood up to my fair share of bullies.  Last week, Hickenlooper dodged a question about whether he considers himself a capitalist, telling MSNBC that the labels, I'm not sure any of them fit. He later clarified on CBS' Face the Nation, saying, I'm happy to say I'm a capitalist, but I think at a certain point the labels do nothing but divide us."
}
