{
  "domain": "cnn.com",
  "theme": "EXTREMISM",
  "headline": "Christchurch attack : Why ISIS is easier for big tech to fight than white supremacy",
  "date": "20190322T064500Z",
  "url": "https://www.cnn.com/2019/03/22/world/christchurch-isis-white-supremacy-intl/",
  "title": "Why ISIS is easier for big tech to fight than white supremacy",
  "article": "(CNN) Social media networks are facing a reckoning for their role in spreading far-right terrorist propaganda, after a deadly attack on a New Zealand mosque was live-streamed on Facebook.  Recognizing that the gunman's gruesome stunt was designed to go viral, governments and business leaders have called on Facebook, Twitter and Google to do more to rid their platforms of hate speech that could encourage violence.  Less than two weeks after the terror attack, Facebook announced that it would ban all praise, support and representation of white nationalism and separatism on its flagship platform and on Instagram.  Most social platforms have taken aggressive action to tackle another extremist group in recent years: ISIS. But their response to white supremacists has been slower.  Experts say that's because far-right extremism online isn't as easy to detect, citing the movement's innate political nature and culture of ambiguous in-jokes. The messages spread online by white supremacists are commonly compared by researchers and counterterrorism experts to those propagated by the Islamic extremist terror group, for their shared tactic of online radicalization.  I don't think (social media companies) have the capabilities, even at a basic level, when white supremacist content is flagged to act on it, Joshua Fisher-Birch, a content review specialist at the Counter Extremism Project, a US-based nonprofit, told CNN, adding that he doubted those companies were taking white supremacist content seriously enough.  Fisher-Birch, who monitors the proliferation of extremist content online, said that while social platforms and video streaming services have been vigilant in suspending accounts that share ISIS content, white supremacist messaging has gone unfettered.  J.M. Berger, the study's author, said that the findings suggest that the battle against ISIS on social media is only the first of many challenges to mainstream, normative values, adding that other extremist groups have been able to learn from ISIS' successes and mistakes to develop their own digital strategies.  That strategy was on full display in the staging of the New Zealand attack. On Twitter and 8chan, an online message board that allows unconstrained speech including racist and extremist posts, the shooter teased his imminent attack with a call to spread his message through memes and shitposting, slang for pushing out a huge volume of low-quality, ironic content to illicit a reaction.  The flurry came after Facebook's systems failed to catch the initial video, which was viewed live fewer than 200 times before being unleashed across the internet. The company said it took it down only after being alerted by New Zealand police.  Google said that the volume of related videos shared on YouTube in the same period was, at times, as fast as a new upload every second. Google said that it removed tens of thousands of videos and terminated hundreds of accounts.  The New Zealand attack appeared to be one of the first times that far-right terrorism was treated by social networks with the same wholesale erasure as pro-ISIS material. But the speed at which copies of the video spread online reflects the scale of the challenge facing social networks.  Why is white supremacist content so hard to stop?  Since its peak in 2014, when ISIS' media apparatus spammed social media with grisly videos, the group's online presence has shrunk dramatically, the George Washington University report points out.  But Julia Ebner, a fellow at the London-based Institute for Strategic Dialogue, who specializes in Islamist and far-right extremism, tells CNN that this strategy has not been deployed as aggressively by Facebook and other Big Tech firms to counter far-right extremist content in the past.  That's partly because white nationalist messaging is not easily recognizable, said Ebner. It is often veiled in memes, allusions and insider jokes.  Alt-right extremist networks are very good at circumventing existing legislation (policies and practices on platforms). They use irony and sarcasm to spread hateful ideas and hide them behind memes, said Ebner.  The alt-right has tapped into this in a way that no jihadist movement has.  In contrast, ISIS content is easier to identify because it tends to repeat words and phrases that don't appear in other content, said Pedro Domingos, a professor of computer science at the University of Washington and author of The Master Algorithm.  The formulaic way that ISIS disseminated propaganda -- using hashtags in different languages, coded speech, watermarked videos and iconography -- also allowed review teams to easily create hash copies for blacklist.  Domingos said that digital platforms don't yet have the technical ability to combat white supremacist accounts in the same way they've tackled ISIS.  The main problem is that the (far-right extremist) content is too variable and multifarious to be reliably distinguished from acceptable content by the filtering algorithms that tech companies use, even state-of-the-art ones, Domingos said in an email to CNN.  As part of the current debate, technology experts are calling for platforms like Facebook to make the inner workings of their algorithms transparent, giving users more clarity around the content they see and why they see it. Without that transparency, it's easy for users to think that algorithms are optimized for truth, rather than providing a pipeline of related content to keep people on platforms.  But algorithmic transparency could also backfire, said Domingos, making it easier for white supremacists to game them.  It's not just a technological problem  Even if a more advanced algorithmic capability existed -- one that would stop the spread of nuanced hate speech -- tech companies would ultimately need to be committed to deploying it. This requires them to accept more responsibility as publishers: moderating and removing content long before it leads to violence or bullying.  It wasn't until a 2017 white supremacist rally turned deadly in Charlottesville, Virginia, that most major social media companies, domain registrars and payment platforms looked at addressing domestic extremism.  Asked how Facebook is tackling far-right extremist content shared on its platform, a spokesperson told CNN that it is investing in security teams and technical tools to proactively detect hate speech and is working with partners to better understand hate organizations as they evolve.  We ban these organizations and individuals from our platforms and also remove all praise and support when we become aware of it, the spokesperson said.  A YouTube spokesperson told CNN that it had heavily invested in human review teams and smart technology in order to quickly detect, review, and remove extremist content. Hate speech and content that promotes violence have no place on YouTube, the spokesperson said.  A spokesperson for Twitter said that the company's policy against hate speech prohibits behavior that targets individuals based on protected categories including race, ethnicity, national origin or religious affiliation.  Where we identify content that breaks these rules, we take aggressive enforcement action, the spokesperson told CNN.  Joan Donovan, director of the Technology and Social Change Research Project at Harvard University's Shorenstein Center, points out another reason why US tech companies have been slower to react to white supremacist content than to ISIS-related content: Politicians around the world are using the same rhetoric.  The culture of Silicon Valley itself isn't designed to look inward, Donovan told CNN. So when we're talking about white supremacy, people on platforms remark that they don't know how to spot it because it's sometimes ambiguous, sometimes coded, or sometimes reflects politicians' language.  The overlap between individuals who promote white supremacist ideology online and populist political parties around the globe poses a problem for platforms, in a way that combating ISIS did not.  White nationalist Twitter accounts reference Trump and Trump-related hashtags like #makeamericagreatagain more than almost any other topic except for #whitegenocide, according to the same George Washington University study, which underscores the obstacles in routing out offending accounts.  Tackling such polarizing rhetoric by influential figures needs to be part of any long-term digital strategy, said Ebner.  One of the most alarming aspects of all of this is the mainstreaming of dehumanizing language and black and white narratives by politicians like Trump, (Italian Deputy Prime Minister Matteo) Salvini, or the Australian senator, said Ebner.  Asked whether attacks like the one in New Zealand could happen in Italy because of his aggressive, anti-immigrant rhetoric, Salvini said: The only extremism that deserves attention is the Islamic one.  According to Ebner, to confront divisive rhetoric like this we must focus on building strong civil society efforts and promote education around digital citizenship. We don't want to clamp down on freedom of speech, but we need to challenge this kind of rhetoric ... and that's a longer term investment."
}
