{
  "domain": "cnn.com",
  "theme": "ECON_ENTREPRENEURSHIP",
  "headline": "Lyft has lost nearly $2 . 3 billion over 3 years",
  "date": "20190301T181500Z",
  "url": "https://www.cnn.com/business/live-news/lyft-ipo/h_c8c66a1be2fd741514c6e984aa0d21c0",
  "title": "Lyft has lost nearly $2.3 billion over 3 years",
  "article": "Investors have waited for years for the long list of to land on Wall Street. And 2019 is shaping up to bring a stampede of so-called unicorns. Uber, Airbnb, Slack, Pinterest and Postmates are all expected to go public this year.  Lyft's public market debut could prove to be a bellwether for how these companies will be received by investors. In particular, Lyft will almost certainly be viewed as a proxy for what to expect from its chief rival Uber, a much larger business that is widely reported to be seeking a valuation of $120 billion in its IPO."
}
