{
  "domain": "cnn.com",
  "theme": "UNEMPLOYMENT",
  "headline": "36 hours with the Taliban",
  "date": "20190225T220000Z",
  "url": "https://www.cnn.com/interactive/2019/02/middleeast/36-hours-with-the-taliban-intl/",
  "title": "36 hours with the Taliban",
  "article": "CNN goes exclusively behind Taliban lines as the US prepares to pull its troops after 17 years of war in Afghanistan  Exclusive Report 36 hours with the Taliban CNN goes exclusively behind Taliban lines as the US prepares to pull its troops after 17 years of war in Afghanistan  CNN goes exclusively behind Taliban lines as the US prepares to pull its troops after 17 years of war in Afghanistan  To reach their Taliban hosts, the team had to cross a small river by a hand-pulled ferry.  Young boys read the Quran in a Taliban-run madrasa, or Islamic school, in Balkh Province.  Where justice is harsh and quick  A Taliban military commander keen to show off his forces to CNN cameras in the village of Pashma Qala, Afghanistan."
}
