{
  "domain": "cnn.com",
  "theme": "ELECTION",
  "headline": "64 % think Trump committed crimes before he was President",
  "date": "20190305T221500Z",
  "url": "https://www.cnn.com/2019/03/05/politics/quinnipiac-trump-crimes-poll/",
  "title": "Almost two-thirds think Trump committed crimes before taking office",
  "article": "Despite Trump's massive popularity in the GOP, even a third of Republicans said Trump had engaged in criminal activity before his presidency. The poll showed that 89% of Democrats and 65% of independents thought Trump had committed crimes before taking office.  Republicans were the only demographic group without a majority who believed Trump broke the law before he was President.  Voters were more split on whether Trump had committed crimes during the presidency -- 45% said they think he has and 43% said they think he has not engaged in criminal activity.  In bombshell testimony last week, Cohen alleged -- among other things -- that the President had directed him to pay hush money to kill negative stories about the then-presidential candidate, something most voters in the poll frowned upon. According to the poll, 73% of registered voters said paying to hide a negative story about a presidential candidate without disclosing it is unethical, including a little more than half of Republicans. Early polling suggests 2020 will be about Trump. That's bad news for him. However, a smaller share of voters said they believed that act was also illegal -- 40% of registered voters said paying to kill negative stories, and not disclosing it, is both unethical and a crime. The poll showed 21% said it was unethical but not criminal, and 20% didn't think it was unethical at all. The public is still relatively unsure about whether Cohen -- who has pleaded guilty to lying to Congress, among other crimes -- was credible in his testimony last week. According to the poll, 44% of registered voters thought Cohen told the truth during his testimony last week, 36% didn't and another 20% were unsure. Most Republicans said Cohen didn't tell the truth (65%) and most Democrats thought he did (70%). Independents leaned toward believing Cohen: 47% of them said he was telling the truth. The poll showed 34% of independents thought he was untruthful and 19% of independents weren't sure. When asked directly if they believe Cohen or Trump more, 50% of all registered voters chose Cohen and 35% chose Trump. The answer broke down heavily along partisan lines; 79% of Republicans said they believed Turmp more and 86% of Democrats said they believed Cohen. Fifty-one percent of independents believed Cohen over Trump and 31% of independent voters believed Trump over Cohen. There's strong agreement behind Congress doing more to investigate Cohen's allegations, the poll showed. Almost 3 in 5 voters wanted Congress to do more to investigate Cohen's claims about Trump's unethical and possibly illegal behavior. Meanwhile, Trump's credibility rating is low. Only 30% of voters said the President is honest, the lowest it has been in Quinnipiac's trend since it started asking the question right after Trump was elected in 2016. At that time, 42% of voters said Trump was honest. The Quinnipiac poll was conducted March 1-4 among 1,120 voters nationwide reached via landline or cell phone. Results have a margin of error of plus or minus 3.4 percentage points."
}
