{
  "domain": "cnn.com",
  "theme": "SOVEREIGNTY",
  "headline": "Philippines protests Chinese ships around disputed island",
  "date": "20190402T000000Z",
  "url": "https://www.cnn.com/2019/04/01/asia/philippines-china-ships-spratly-island-intl/",
  "title": "Philippines protests hundreds of Chinese ships around disputed island",
  "article": "Armed forces spokesperson Edgard Arevalo cautioned that it was difficult to quantify how many ships are around the island at any one time, as Chinese vessels come and go from the area. The information that we got is the more likely intention is to establish their presence in the area, he told CNN Philippines on Monday.  Philippines presidential spokesperson Salvador Panelo said Manila had several questions for Beijing about the presence of so many vessels.  We will ask them first why. First, if they acknowledge such fact as determined by us. Number 2, ask them why they are doing it. Number 3, we will politely ask them not to ... not to do what they are doing, Panelo said, according to CNN Philippines.  China's ambassador to the Philippines, Zhao Jianhua, said Beijing was trying to verify how many vessels were around Thitu. They might be unarmed fishing vessels, he said, according to CNN Philippines. Thitu island is in the disputed Spratlys chain, which includes Chinese-controlled atolls and reefs that Beijing has built up and developed with buildings, ports and runways over the past several years. Philippines opposition lawmaker Gary Alejano said Saturday that the Duterte administration should not let China establish any long-term presence around Thitu. China is establishing a norm there which we cannot alter later on. Every day is a wasted opportunity to assert our sovereignty if we do not act now, he said, according to CNN Philippines. What's going on in the South China Sea? What's going on in the South China Sea? Besides the Philippines, China, Taiwan and Vietnam have also laid claim to Thitu. It has a civilian population of more than 100, as well as some military personnel, according to the Asian Maritime Transparency Initiative. The island is about 500 kilometers (310 miles) from Palawan, one of the main Philippine islands, which will be hosting exercises between the US and Philippine militaries in the next two weeks. Philippines warns US treaty could drag it into war Manila has been in an awkward dance between Beijing and Washington for years over the South China Sea. Under the previous government of Benigno Aquino, Manila won a landmark case against China at an international tribunal, which ruled that many of Beijing's territorial claims in the South China Sea were unlawful. However, the administration under current President Rodrigo Duterte has moved closer to Beijing, even as the president voiced concerns about China's territorial ambitions."
}
