{
  "domain": "cnn.com",
  "theme": "EXTREMISM",
  "headline": "Facebook bans Louis Farrakhan , Milo Yiannopoulos , InfoWars and others from its platforms as  dangerous  ",
  "date": "20190502T184500Z",
  "url": "https://www.cnn.com/2019/05/02/tech/facebook-ban-louis-farrakhan-infowars-alex-jones-milo-laura-loomer/",
  "title": "Louis Farrakhan, Alex Jones and other 'dangerous' voices banned by Facebook and Instagram",
  "article": "New York (CNN Business) Facebook announced Thursday that it had designated some high-profile people, including Nation of Islam leader Louis Farrakhan, who's notorious for using anti-Semitic language, and right-wing conspiracy theorist Alex Jones, as dangerous and said it will be purging them from its platforms.  Jones and his media outlet InfoWars had previously been banned fromin August 2018, but had maintained a presence on Instagram, which is owned by Facebook. On Thursday, Jones and InfoWars will be barred from Instagram as well.  Other people banned on Thursday included Paul Nehlen, an anti-Semite who unsuccessfully ran for Congress in 2016 and 2018, and fringe right-wing media personalities Laura Loomer, Milo Yiannopoulos and Paul Joseph Watson.  We've always banned individuals or organizations that promote or engage in violence and hate, regardless of ideology, a Facebook spokesperson said in a statement provided to CNN Business. The process for evaluating potential violators is extensive and it is what led us to our decision to remove these accounts today.  A Facebook spokesperson told CNN Business the company goes through a lengthy process and takes into consideration a number of factors before determining an individual to be dangerous.  The Facebook spokesperson said such factors include whether the person or organization has ever called for violence against individuals based on race, ethnicity, or national origin; whether the person has been identified with a hateful ideology; whether they use hate speech or slurs in their about section on their social media profiles; and whether they have had pages or groups removed from Facebook for violating hate speech rules.  In some instances, when Facebook bans an individual or organization, it also restricts others from expressing praise or support for them on its platforms, the spokesperson said, adding that the company continues to view such action as the correct approach. That policy may not apply to any or all of the people banned Thursday, however.  The spokesperson added that Facebook will remove groups, pages and accounts created to represent the banned individuals when it knows the individual is participating in the effort.  Some of the individuals who were designated as dangerous responded to the ban on their accounts in the brief period between when Facebook announced the ban and when Facebook scrubbed the accounts.  Loomer, for instance, denied in an Instagram post that she ever violated the company's terms of service. Loomer asked people to follow her on an different platform, adding, Looks like you guys will probably never hear from me again.  Watson used Twitter, from which he has not been banned, to write, In an authoritarian society controlled by a handful of Silicon Valley giants, all dissent must be purged.  Farrakhan, Jones and Nehlen did not immediately respond to requests for comment.  Some critics questioned why Facebook banned the accounts in one fell swoop on Thursday, instead of taking action against the accounts at the time they were determined to have been in violation of the company's rules. These critics suggested the announcement was designed to generate positive publicity for the company, which has a history of being slow to act on such matters and of only taking action after facing pressure from the public.  It is possible it simply took Facebook a significant amount of time to reach a decision on whether to label the individuals as dangerous. In late March, Business Insider obtained emails showing Facebook executives in an intense debate over whether or not to take action like this against Jones.  At the time, a Facebook spokesperson told CNN Business, As this email correspondence shows, we continually monitor and review whether people are involved in organized hate on our platform. We've already taken down InfoWars' Facebook Page, but Alex Jones has a network of presences online and we are evaluating how to appropriately enforce our policies against him as an individual. We're committed to being diligent and will share an update when that process has run its course."
}
