{
  "domain": "cnn.com",
  "theme": "ECON_STOCKMARKET",
  "headline": "Philip Morris needs to kill smoking to survive",
  "date": "20190417T194500Z",
  "url": "https://www.cnn.com/2019/04/17/business/philip-morris-earnings/",
  "title": "Philip Morris needs to kill smoking to survive",
  "article": "is leaning heavily into its To bolster the trend,is leaning heavily into its anti-smoking effors . Earlier this month, the company launched a Year of Unsmoke campaign, which encourages people who don't smoke not to start, those who do to quit  and those who can't quit, to change, presumably by switching to IQOS.  So far, the efforts are paying off. In the first quarter of 2019, the company had more than 10 million IQOS users worldwide, CEO Andr\u00e9 Calantzopoulos said in a statement Thursday. He called the figure an important milestone. In that period, the shipment volume of PMI's so-called heated tobacco units grew 20.2%.  The company says that people are converting from cigarettes to heated tobacco  at the end of last year, Philip Morris counted 9.6 million IQOS users, noting that 70% of them had quit smoking cigarettes.  For companies like PMI, e-cigarettes and other smoke-free nicotine vehicles could offer an image makeover and a financial lifeline. At the end of last year, Philip Morris counted 9.6 million IQOS users. Vivien Azer, an analyst who covers tobacco for Cowen, wrote in a note in March that Philip Morris has improved its retailer perceptions in Japan and Korea where it remains the market leader in both markets. She added that continued progress in Italy leaves us optimistic about European markets. Philip Morris International's stock is up about 28% this year. The company reported earnings Thursday morning. , which spun off from Philip Morris International years ago and now sells cigarettes in the United States, PMI's interest in smoke-free alternatives to cigarettes is part of a sector-wide shift. Last year, which spun off from Philip Morris International years ago and now sells cigarettes in the United States, took a 35% stake in e-cigarette maker Juul, in a deal worth $12.8 billion. But hazards remain. As much as Philip Morris may tout vaping as a healthier alternative to smoking, long-term effects of vaping are unclear . The FDA is eyeing regulation of the products as US teen vaping soars. Altria wants to bring Philip Morris International's IQOS tobacco-heating device to the US market, but it has not yet received government approval. The company has not shown that IQOS is a safer alternative to cigarettes, the FDA said last year. Correction: An earlier version of this story incorrectly reported the date when the FDA said PMI had not shown IQOS is a safer alternative to cigarettes."
}
