{
  "domain": "cnn.com",
  "theme": "DEMOCRACY",
  "headline": "Egypt parliament votes to expand Sisi powers",
  "date": "20190416T173000Z",
  "url": "https://www.cnn.com/2019/04/16/middleeast/egypt-parliament-constitutional-change-intl/",
  "title": "Egypt's parliament votes to expand Sisi's powers",
  "article": "(CNN) Egypt's Parliament has approved constitutional changes that will allow President Abdel Fattah el-Sisi to tighten his grip on government and stay in power until 2030, as authorities block a growing online petition against the changes.  The 596-member Parliament, which is dominated by Sisi supporters, only needed a two-thirds majority to pass 14 amendments and several new articles on Tuesday.  The changes to the 2014 constitution are expected to be put to a public referendum next week before taking effect, according to state-run Ahram online, citing Parliament Speaker Ali Abdelal. The official announcement will be made by the National Election Authority.  The constitutional amendments will extend a presidential term from four to six years. They would add two years to Sisi's current term and allow him to seek re-election in 2024.  I have repeatedly said ... that the President did not intervene in the amendments and did not request them, said Abdelal.  The changes will give the military more power by stipulating its responsibility to preserve the constitution and democracy, maintain the basic pillars of the state and its civilian nature.  They also expand Sisi's power over the legislative branch by creating an upper house known as a senate, a third of whose members will be appointed by the president. The size of the lower house will be reduced, with at least 25% of them reserved for women.  The revised charter also gives the president new authority to appoint members of the judiciary.  Supporters of the changes said they would bolster Egypt's economy, which is struggling to recover from the political turmoil of recent years, and strengthen security.  The amendments serve the national interests of Egypt, helping to reinforce stability and widen the scope of participation in political and parliamentary life, said Kamal Ahmed, a pro-Sisi member of Parliament told Ahram newspaper.  Opponents see a further step toward authoritarianism.  Even so, it has so far attracted more than 277,000 signatures, according to internet monitor NetBlocks.  The website can still be accessed from abroad, via Facebook links and through the use of a virtual private network (VPN).  The organizers of the Batel petition (void in Arabic) say it aims to rally support against any attempt to extend Sisi's rule and to subjugate the courts to his rule.  President Trump bears some responsibility for what's happening in Egypt in regards to human rights and Sisi's elimination of all opponents, said Mohamed Ismail, a member of a group called Egyptians Abroad for Democracy Worldwide.  A Trump administration official briefing reporters before the Trump-Sisi meeting said that as it relates to human rights, the Trump administration is focused on getting the return of US citizens who are detained in Egypt, adding that they are also concerned about the treatment of religious minorities there."
}
