{
  "domain": "cnn.com",
  "theme": "DISCRIMINATION",
  "headline": "Brothers questioned in connection with Jussie Smollett attack identified",
  "date": "20190218T214500Z",
  "url": "https://www.cnn.com/2019/02/18/entertainment/jussie-smollett-attack/",
  "title": "Brothers questioned in Jussie Smollett attack no longer suspects, police say",
  "article": "Chicago (CNN) The brothers arrested and released in connection with the attack on actor Jussie Smollett are no longer suspects at this time, Chicago police said Monday.  The men -- who attorney Gloria Schmidt identified as Olabinjo Osundairo and Abimbola Osundairo -- were arrested Wednesday but released without charges Friday after Chicago police cited the discovery of new evidence.  In a joint statement issued to CNN affiliate WBBM, the men said: We are not racist. We are not homophobic, and we are not anti-Trump. We were born and raised in Chicago and are American citizens.  Two law enforcement sources with knowledge of the investigation told CNN that Chicago Police believe actor Jussie Smollett paid the brothers to orchestrate an assault on him that he reported late last month.  Smollett denies playing a role in his attack, according to a statement from his attorneys.  The sources told CNN the two men are now cooperating fully with law enforcement.  Police say they want to talk to Smollett again. The actor's reps said Smollett would not be speaking to police Monday, and it's unclear when he will sit down with investigators.  Smollett's attorneys will keep an active dialogue going with Chicago police on his behalf. We have no further comment today, Anne Kavanaugh with Media Pros 24/7 said.  Smollett told authorities he was attacked early January 29 by two men who were yelling out racial and homophobic slurs. He said one attacker put a rope around his neck and poured an unknown chemical substance on him.  The sources told CNN there are records that show the two brothers purchased the rope found around Smollett's neck at a hardware store in Chicago.  Smollett's attorneys, Todd S. Pugh and Victor P. Henderson, issued a statement to CNN Saturday night saying Smollett was angry about these latest developments.  As a victim of a hate crime who has cooperated with the police investigation, Jussie Smollett is angered and devastated by recent reports that the perpetrators are individuals he is familiar with, the statement read. He has now been further victimized by claims attributed to these alleged perpetrators that Jussie played a role in his own attack. Nothing is further from the truth and anyone claiming otherwise is lying.  Smollett identifies as gay and since 2015 has played the gay character of Jamal on the Fox TV drama Empire.  According to Chicago Police spokesman Anthony Guglielmi, the actor told detectives he was attacked by two men near the lower entrance of a Loews hotel in Chicago. Police were told the two men yelled 'Empire' fa***t and 'Empire' n***er' while striking him.  In a supplemental interview with authorities, Smollett confirmed media reports that one of the attackers also shouted, This is MAGA country, a reference to President Donald Trump's Make America Great Again campaign slogan.  The day after the incident, police released surveillance images that showed two silhouetted individuals walking down a sidewalk, and police said they were wanted for questioning.  Police on Friday said the men were being viewed as potential suspects and that detectives had probable cause that they may have been involved in an alleged crime.  And detectives have additional investigative work to complete, he added.  One of the men has appeared on Empire, Guglielmi said. A police source also told CNN on Friday night that the men had a previous affiliation with Smollett, but did not provide additional details.  Smollett has expressed frustration about not being believed  Following the alleged attack, Smollett's colleagues and fans rallied around him, expressing shock and sadness.  We have to love each other regardless of what sexual orientation we are because it shows that we are united on a united front, Lee Daniels, the creator of Empire, said in a video posted to his Instagram page on January 29. And no racist f*** can come in and do the things that they did to you. Hold your head up, Jussie. I'm with you.  It feels like if I had said it was a Muslim or a Mexican or someone black I feel like the doubters would have supported me a lot much more, Smollett said. And that says a lot about the place where we are as a country right now.  Smollett stated that one of the attackers shouted this is MAGA country before punching him in the face. But he refuted reports that said he told police the attackers wore Make America Great Again hats.  I never said that, he told ABC's Robin Roberts. I didn't need to add anything like that. They called me a f****t, they called me a n****r. There's no which way you cut it. I don't need some MAGA hat as the cherry on some racist sundae."
}
