{
  "domain": "cnn.com",
  "theme": "MOVEMENT_SOCIAL",
  "headline": "Hillary Clinton :  We are living through a full - fledged crisis in our democracy  ",
  "date": "20190303T190000Z",
  "url": "https://www.cnn.com/politics/live-news/2020-campaign-selma-alabama-march/h_ad09670bacccd1c0f15bdf838fe38a78",
  "title": "Hillary Clinton: 'We are living through a full-fledged crisis in our democracy'",
  "article": "Hillary Clinton did not hold back in her speech at this year's Selma Bridge Crossing Jubilee, saying that we are living through a full-fledged crisis in our democracy.  Clinton was speaking at an event commemorating the anniversary of Bloody Sunday, when state troopers brutally attacked civil rights demonstrators who were marching for voting rights on the Edmund Pettus Bridge in Selma in 1965.  Here's some of what she said:  Clinton also called out the media and the Trump administration.  She called on the crowd to renew the fight for voting rights, noting recent setbacks such as the Supreme Court's gutting of the Voting Rights Act in 2013. She also praised the efforts of Georgia's Stacey Abrams and other activists.  That is why we need starting right now here in Selma, once again, to redouble our efforts with a 21st century civil rights movement devoted to claiming, enforcing and defending the right to vote, once and for all.  The former senator and secretary of state is being honored with the International Unity Award and will be inducted into the National Voting Rights Museum's Women's Hall of Fame."
}
