{
  "domain": "cnn.com",
  "theme": "IDEOLOGY",
  "headline": "Meet Hippocamp , Neptune new moon",
  "date": "20190220T190000Z",
  "url": "https://www.cnn.com/2019/02/20/world/neptune-new-moon/",
  "title": "Meet Hippocamp, Neptune's new moon",
  "article": "Jupiter's icy moon Europa may be the best place in the solar system to look for extraterrestrial life, according to NASA. The moon is about the size of Earth's moon, and there is evidence it has an ocean beneath its frozen crust that may hold twice as much water as Earth. NASA's 2016 budget includes a request for $30 million to plan a mission to investigate Europa. The image above was taken by the Galileo spacecraft on November 25, 1999. It's a 12-frame mosaic and is considered the the best image yet of the side of Europa that faces Jupiter.  This nebula, or cloud of gas and dust, is called RCW 34 or Gum 19. The brightest areas you can see are where the gas is being heated by young stars. Eventually the gas burst outward like champagne after a bottle is uncorked. Scientists call this champagne flow. This new image of the nebula was captured by the European Space Organization's Very Large Telescope in Chile. RCW 34 is in the constellation Vela in the southern sky. The name means sails of a ship in Latin."
}
