{
  "domain": "cnn.com",
  "theme": "DISCRIMINATION",
  "headline": "South Africa anti - immigrant attacks : President Cyril Ramaphosa calls for arrest of perpetrators",
  "date": "20190401T143000Z",
  "url": "https://www.cnn.com/2019/04/01/africa/ramaphosa-anti-immigrant-attacks-intl/",
  "title": "South African President calls for prosecution of perpetrators in anti-immigrant violence",
  "article": "Hundreds of foreigners were forced from their homes and some of their business were looted by angry protesters in Durban city in the past week. Some of the immigrants took refuge in police stations and mosques, according to local media reports.  The anti-immigrant violence comes as South Africa celebrates 25 years of freedom post-apartheid, the President said, adding that the country owes its freedom to the support of other African countries,  African development depends on the increased movement of people, goods and services between different countries for all of us to benefit. We will not allow criminals to set back these processes, Ramaphosa said. South Africa's Minister of International Relations Lindiwe Sisulu and the minister of police also held an urgent meeting with ambassadors from other African countries to address security issues that arose from the attacks Several people were killed in 2015 and thousands of immigrants fled as xenophobic attacks reached a fever pitch across the country. In 2008, scores of people were killed and thousands sought refuge in makeshift camps in a wave of sporadic xenophobic attacks in South Africa."
}
