{
  "domain": "cnn.com",
  "theme": "FREESPEECH",
  "headline": "Conservative activist attack on UC Berkeley campus : Charges possible for attacker",
  "date": "20190305T000000Z",
  "url": "https://www.cnn.com/2019/03/04/politics/charges-possible-conservative-activist-attack/",
  "title": "Man accused of attacking a conservative activist on UC Berkeley campus faces felony charges",
  "article": "(CNN) The Alameda County District Attorney's Office has filed three felony charges and one misdemeanor against Zachary Greenberg after an attack on the University of California Berkeley campus against a conservative activist. The attack was caught on video.  UC Berkeley campus police arrested Greenberg on Friday. He bonded out of jail and his arraignment is set for Wednesday. CNN has reached out to Greenberg's representatives for comment.  The attack occurred at Sproul Plaza on February 19, officials said. Turning Point USA identified the alleged victim to CNN as Hayden Williams, who had been invited to UC Berkeley to help recruit students for a yet-to-be-formed chapter on campus.  Deputy District Attorney Rebecca Warren filed the charges against Greenberg. They include felony assault, felony battery, felony criminal threats and a misdemeanor vandalism charge. The criminal threats charge says it is a serious felony and further alleges that the threatened crime, on its face and under the circumstances in which it was made, was so unequivocal, unconditional, immediate and specific as to convey to Hayden Williams a gravity of purpose and an immediate prospect of execution.  Before the charges were filed, a media representative for Williams said he is a field representative for the Leadership Institute, an organization that helps train conservative leaders. Williams is not a UC Berkeley student, the representative said.  The fact that the victim was not a campus affiliate has no bearing on this case. He had every right to be on campus, and every right to express his point of view, said university spokesman Dan Mogulof.  A short video recorded by a witness shows Williams and a man struggling before the man punches Williams in the face, knocking his hat off. The alleged suspect then gets close to Williams' face, calls him racist, and shouts profanities before punching Williams again and walking away.  Williams told CNN shortly after the assault that he was fine but declined to answer other questions. He was treated at the scene, his media representative said.  Arda Erbil, the student who shot the footage provided to CNN, said he saw two men harassing Williams. As one of the men became physical, Erbil began to record video.  Seeing something like that happen in such an open place was disheartening, he said.  The University of California Police Department said in a statement that officers responded to a report of a disturbance on upper Sproul Plaza, a center of student activity on campus, where they found the injured victim. According to the police statement, the victim said that two men approached him, a verbal altercation ensued and he began recording the interaction on his phone.  One of the men slapped the phone out of the victim's hand, police said. The suspect then knocked over the table the victim was at and the two men struggled over the phone. During the incident, the suspect punched the victim several times causing injury to the victim's eye and nose.  Williams told Fox News' Sean Hannity shortly after the attack that some students were upset by a sign he had displayed at his recruitment table that said, Hate Crime Hoaxes Hurt Real Victims -- apparently a reference to Empire actor Jussie Smollett, who has been accused of staging what he maintains was a hate crime against him.  This person claimed we were promoting violence on campus and proceeded to take his aggression out on us, Williams told Hannity.  UC Berkeley's chancellor and vice chancellor condemned the assault in a statement February 21, calling it reprehensible.  That sort of behavior is intolerable and has no place here, the statement said. Our commitment to freedom of expression and belief is unwavering.  The statement added that university officials have no information indicating the perpetrators are affiliated with UC Berkeley.  The incident illustrates the hate and anger so many on the left harbor and that our student activists encounter on a daily basis, Charlie Kirk, Turning Point USA's founder and president, said in a statement last month.  Our amazing grassroots organizers courageously face threats of violence and discrimination as they fight for the right for conservative voices to be heard on college campuses, Kirk said, adding he was proud of how the group's student activists handled the situation.  Campus known for promoting free speech accused of bias against conservative views  While UC Berkeley has a long history of promoting the tenants of free speech, in recent years there have been protests against conservatives and far right ideologues that have turned violent.  Later that year, conservative radio host Ben Shapiro gave a talk as protesters swarmed outside. Nine people were arrested, but the protests appeared to be mostly peaceful."
}
