{
  "domain": "cnn.com",
  "theme": "EXTREMISM",
  "headline": "Beto ORourke : Trump rhetoric  is something that we might have expected to hear in Nazi Germany  ",
  "date": "20190405T143000Z",
  "url": "https://www.cnn.com/2019/04/05/politics/beto-orourke-nazi-germany-trump/",
  "title": "O'Rourke: Trump's rhetoric 'is something that we might have expected to hear in Nazi Germany'",
  "article": "I compared the rhetoric that the President has employed to rhetoric that you might've heard during the Third Reich, O'Rourke told a reporter, following a meet and greet at Morningside College in Sioux City. Calling human beings an 'infestation' is something that we might have expected to hear in Nazi Germany.  He later added, If we don't call out racism, certainly at the highest levels of power, in this position of trust that the President enjoys, then we're going to continue to get its consequences.  Trump has previously referred to the influx of undocumented immigrants at the southern border as an infestation. The Nazis regularly invoked the imagery of insects and vermin to denigrate Jews and other enemies. CNN has reached out to the White House for comment.  At an earlier stop in Carroll, O'Rourke raised eyebrows when he invoked Nazi Germany in his remarks, telling caucus-goers, When the President of the United States has called Mexican immigrants rapists and criminals, he then went on to call asylum seekers animals and an infestation. Now we would not be surprised if in the Third Reich, other human beings were described as an infestation, as a cockroach, or as a pest that you would want to kill. But to do that in 2017 or '18 in the United States of America, it doesn't make sense.  The former congressman defended his rhetoric in Sioux City, telling reporters, silence is complicity in what this administration is doing. So, let's call it out, but let's also define a better future for this country."
}
