{
  "domain": "cnn.com",
  "theme": "EXTREMISM",
  "headline": "Extinction Rebellion protests climate change inaction around the world",
  "date": "20190420T150000Z",
  "url": "https://www.cnn.com/2019/04/20/world/extinction-rebellion-climate-protests/",
  "title": "Climate protests this week caused major disruption. That was the point.",
  "article": "(CNN) Environmental activists across the globe took drastic measures this week to demand that their governments act to curb climate change.  They glued themselves to trains. They blocked major landmarks. They poured fake blood onto the streets.  More than 680 people were arrested in London, where the most prominent protests took place, police said on Friday evening.  Yes, it was disruptive. That was the point.  Many of the protests were part of an international rebellion, a wave of demonstrations that began on April 15 and is set to continue until April 29. The protests are organized by the UK-based grassroots organization Extinction Rebellion , which says it uses non-violent civil disobedience to achieve radical change.  These are some of the cities where you may have seen them this week.  Extinction Rebellion wants the UK government to declare a climate emergency, reduce greenhouse gas emissions to net zero by 2025, and start a citizen's assembly on climate and ecological justice.  Activists in New York City staged a die-in near City Hall at the base of the Brooklyn Bridge on Wednesday. They were demanding a city resolution declaring a climate emergency.  Sixty people were arrested for disorderly conduct and two people were arrested for reckless endangerment, according to the NYPD.  Two banners, one reading declare climate emergency, were draped from the traffic lights at the base of the Brooklyn Bridge but were eventually taken down.  Climate protesters in Germany caused disruptions of their own by sitting down in the middle of the landmark Oberbaum Bridge, as seen in the photo, on Monday. Activists also held demonstrations at the Jannowitz Bridge.  Demonstrators poured buckets of fake blood on the street near government offices in The Hague on Monday.  On Tuesday, protesters occupied the international criminal court building and on Thursday, students throughout the Netherlands staged die-ins.  On Friday, thousands of people in the Paris metropolitan area took part in environmental protests organized by groups including Greenpeace, ANV COP21, Les Amis De La Terre and Extinction Rebellion.  In the photo above, a French police officer uses pepper spray on protesters who blocked the entrance to the headquarters of the bank Soci\u00e9t\u00e9 G\u00e9n\u00e9rale on Friday."
}
