{
  "domain": "cnn.com",
  "theme": "ECON_STOCKMARKET",
  "headline": "The 10 - year anniversary of the bull market is coming",
  "date": "20190303T133000Z",
  "url": "https://www.cnn.com/2019/03/03/investing/stocks-week-ahead-bull-market/",
  "title": "The 10-year anniversary of the bull market is coming",
  "article": "New York (CNN Business) 1. Ten years gone: In March 2009, the US economy was in the midst of the Great Recession.  The government had just reported that more than 650,000 jobs were lost in the prior month. The Dow and S&P 500 were each down more than 50% from their October 2007 peaks.  And there seemed to be no end in sight to the doom and gloom on Wall Street and Main Street.  Flash forward 10 years, and it's been mostly blue skies for investors since then. Thanks to steady economic growth and a surge in corporate profits, the Dow and S&P 500 are up more than 300% since they hit bottom on March 6, 2009.  But now that this bull market is approaching its 10-year anniversary, some are wondering how much longer the rally can last. Stocks have soared so far in 2019 following the tumultuous fourth quarter of last year.  That's led to new questions about whether stocks are too pricey.  The S&P 500 had been trading at 18 times 2019 earnings estimates before stocks cratered last fall. That multiple fell as low as 14 following the huge sell-off. But it's now at 16 after the index started 2019 with a 12% pop.  What's happened in this rally is that valuations have crept back up, said Hugo Rogers, chief investment strategist with Deltec. Stocks were oversold last year but now they are no longer cheap.  Earnings growth is expected to slow this year after a strong 2019. That's partly due to the fading effect of corporate tax cuts. But economic weakness in Italy and Germany, worries about Brexit and slowing growth in China and India are causes for concern, too.  And even though the Federal Reserve has already signaled that it will probably not raise interest rates this year, the US economy  and corporate earnings  may start to slow because of the lag from prior rate hikes. The Fed has boosted rates seven times in the past two years. That will hurt companies with a lot of debt in particular.  The markets may be topping out, said Randy Swan, CEO of Swan Global Investments. The damage from the Fed's rate hikes could already be done.  Of course, it's fair to point out that bull markets aren't like a carton of milk. They don't have an expiration date. Stocks could keep climbing as long as earnings and the economy are growing.  But complacency may be setting in as investors continue to ignore risks.  With the benefit of hindsight, it seems all too obvious how and why trouble struck, wrote strategists at DWS. Most recessions and bear markets are not like that  they tend to catch central bankers, investors and even economists by surprise. All this argues for a bit of caution.  Another solid report could juice markets, which finished February on a positive note. The Dow increased 3.7%. The S&P 500 finished up 3%, and the Nasdaq ended up 3.4%.  Good economic news would add to investors' optimism. They're already feeling good about the likelihood of a trade deal between the United States and China, as well as the Fed's decision to pause interest rate hikes.  3. Retail's haves and have-nots: The verdict is in from last year's holiday shopping stretch: There's a widening gap between retail's best and worst performing companies.  , , and all report earnings this week. Target has become a formidable competitor to and Walmart because of its lineup of trendy private-label clothing, and its sharp focus on trying to win over moms and dads. Costco has also succeeded because of its low prices on groceries and household basics, and through the popularity of its trademark Kirkland Signature brand. andall report earnings this week. Target has become a formidable competitor toand Walmart because of its lineup of trendy private-label clothing, and its sharp focus on trying to win over moms and dads. Costco has also succeeded because of its low prices on groceries and household basics, and through the popularity of its trademark Kirkland Signature brand."
}
