{
  "domain": "cnn.com",
  "theme": "SOC_INNOVATION",
  "headline": "Desert farm : This Abu Dhabi startup is growing tomatoes",
  "date": "20190430T151500Z",
  "url": "https://www.cnn.com/2019/04/30/business/abu-dhabi-desert-farm/",
  "title": "This smart farm is growing tomatoes in the desert",
  "article": "Launched in 2016, Pure Harvest Smart Farms is developing smart greenhouses, using technology to allow agriculture to flourish in the tough environment. For now, it only grows tomatoes.  I wanted to do something impactful and meaningful, said CEO and co-founder Sky Kurtz. It was something that tackled food security, water conservation, economic diversification for the region, and sustainability all with one hammer.  An advanced system analyzes data to adjust sunlight, temperature and humidity. Other variables such as levels of carbon dioxide, water and airflow are also measured.  Human intervention is still required. A grower monitors the plants and relays information back into the system to adjust the climate. Maybe in the future we will have enough sensors on the plants so that the line is without the grower [intervening] in between, Jan Prins, the farm's head grower told CNN. There are thousands of people working worldwide to make this better. The farm will improve food security in the UAE but the innovation could have benefits far beyond its borders. According to experts, global food production will have to double by 2050. In order to produce this amount of food with the amount of resources that you have, you have to modernize technology in agriculture, said Heitor Pellegrina, assistant professor at NYU Abu Dhabi."
}
