{
  "domain": "cnn.com",
  "theme": "ELECTION",
  "headline": "Ralph Nader Fast Facts",
  "date": "20190219T220000Z",
  "url": "https://www.cnn.com/2013/03/08/us/ralph-nader-fast-facts/",
  "title": "Ralph Nader Fast Facts",
  "article": "Here's a look at the life of consumer advocate and former candidate for president Ralph Nader.  Green Party presidential candidate in 1996 and 2000; Independent candidate in 2004 and 2008.  1964 - Is hired by Assistant Secretary of Labor Daniel Patrick Moynihan as a consultant on auto safety.  1965 - Publishes Unsafe at Any Speed, an indictment of the auto industry in Detroit. Nader accuses car makers of putting style ahead of safety in the design of their cars. He focuses specifically on the Chevrolet Corvair.  September 9, 1966 - President Lyndon B. Johnson signs the National Traffic and Motor Vehicle Safety Act into law.  1967 - Lobbies Congress to pass the Wholesome Meat Act, increasing inspections of slaughterhouses and meat processing plants.  December 29, 1970 - Congress establishes the Occupational Safety and Health Administration (OSHA), which had been strongly lobbied for by Nader.  August 19, 1996 - Is nominated as the Green Party's candidate for president.  June 25, 2000 - Is again nominated as the Green Party candidate for president.  November 2000 - Receives 2.8 million votes in the 2000 presidential election, approximately 2.75% of the vote. Is on the ballot in 33 states and the District of Columbia as the Green Party candidate and is listed as an Independent on the ballots of eight states.  February 22, 2004 - Announces he is running for president as an Independent.  August 9, 2004 - Two lawsuits are filed in Pennsylvania on behalf of Democratic voters challenging Nader's petitions to get on Pennsylvania's ballot, alleging that thousands of the signatures are forged or fictitious.  January 2005 - A judge orders Nader and his running mate, Peter Camejo, to pay over $80,000 in legal fees incurred by a group who challenged Nader's petitions to get on the Pennsylvania ballot.  November 27, 2007 - Nader's DC Superior Court lawsuit against the Democratic National Committee and others is moved to District of Columbia federal district court.  December 3, 2007 - Nader's DC federal district court case against the Democratic National Committee and others is dismissed by Judge Jennifer Anderson before the initial scheduling conference.  February 24, 2008 - Nader announces that he is running for president as an independent.  February 28, 2008 - Nader chooses former San Francisco Board of Supervisors president Matt Gonzalez as his running mate.  May 2008 - Nader files an administrative complaint with the Federal Election Commission against the Democratic National Committee and others that they conspired to deny him and his running mate ballot access in numerous states as candidates for President and Vice President in the 2004 general election which they say is against the Federal Election Campaign Act of 1971.  November 4, 2008 - Nader loses in the presidential election with little to no impact on the electoral map.  June 11, 2010 - Nader loses his May 2008 complaint against the FEC and files charges against the Federal Election Commission in DC federal district court.  November 16, 2010 - A judge in Maine dismisses a November 2009 lawsuit filed by Nader that accuses Democrats of conspiring to keep him off the ballot in the 2004 presidential race.  June 2011 - Relaunches the League of Fans, his sports reform project, and as part of an 11-part sports manifesto, pledges to bring an antitrust suit against the Bowl Championship Series.  November 9, 2011 - Nader loses his June 2010 federal case against the FEC and files an appeal.  April 19, 2012 - Maine Supreme Judicial Court overturns the 2010 dismissal of the 2009 Superior Court lawsuit against the Democratic National Committee and others.  April 2012 - Informally endorses former Salt Lake City Mayor Rocky Anderson for president during a press conference.  May 23, 2013 - The Maine Supreme Court orders that Nader's lawsuit against the Democratic Party be dismissed.  April 29, 2014 - Releases a new book, Unstoppable: The Emerging Left-Right Alliance to Dismantle the Corporate State."
}
