{
  "domain": "cnn.com",
  "theme": "IMMIGRATION",
  "headline": "Charity Sunshine Tillemann - Dick , opera singer who had 2 lung transplants , dies",
  "date": "20190425T120000Z",
  "url": "https://www.cnn.com/2019/04/25/health/charity-sunshine-tillemann-dick-dies/",
  "title": "Charity Sunshine Tillemann-Dick, opera singer who had 2 lung transplants, dies",
  "article": "Our beloved Charity passed peacefully with her husband, mother, and siblings at her side and sunshine on her face, the family said in a statement on Facebook on Wednesday. Our hearts are broken. In this moment, the world is dark. But Charity's rays extend far beyond her tragic finale on this earthly stage.  In 2004, she was diagnosed with advanced ideopathic pulmonary hypertension, a rare and potentially fatal condition that affects the heart and lungs. At the time, she was studying in Budapest, Hungary. Her doctors told her to stop singing, but Tillemann-Dick refused. She attempted to avoid a transplant by having a prescribed liquid medication pumped directly to her heart through a tube in her chest 24 hours a day.  Charity Tillemann-Dick in the hospital before her second transplant in 2012. Tillemann-Dick wanted to keep the lungs she had worked tirelessly for years to train. Her vocal cords could be damaged in surgery, and even if the procedure went perfectly, she would have to learn how to sing with the new lungs. But in 2009, her condition deteriorated and she could no longer avoid a transplant. Her first transplant was 14 hours long, and she was put in a medically induced coma for 34 days afterward. Her body rejected the transplant after years of brutal recovery. In 2012, she matched with another registered donor. This time, she was breathing on her own within a week after the surgery. Despite doctors telling her she would never sing opera again, her debut album, American Grace, reached No. 1 on Billboard's traditional classical charts in 2014."
}
