{
  "domain": "cnn.com",
  "theme": "CYBER_ATTACK",
  "headline": "CNN 10 - March 8 , 2019",
  "date": "20190314T231500Z",
  "url": "https://www.cnn.com/2019/03/14/cnn10/ten-content-fri/",
  "title": "10 - March 15, 2019",
  "article": "The U.S. Senate votes to overturn a recent emergency declaration by U.S. President Donald Trump, though his expected veto will stop the legislation. The world's busiest airport retains its title for the 21st straight year. A CNN Hero helps young people work through their grief. And a Google employee uses cloud computing to set a new pi record.  1. In what central African nation are violence and distrust challenging international efforts to contain the second-largest Ebola outbreak in history?  2. How many years old is the U.S. stock market's bull market, which recently marked a milestone of steadily rising prices?  3. Ben Franklin, George Hudson, and William Willett have all been credited with first proposing what?  4. What kind of problem recently impacted 70 percent of Venezuela, with its president blaming a cyberattack and its opposition leader blaming government incompetence for the issue?  5. Name the aircraft company whose 737 MAX 8 planes were banned in dozens of countries following two recent accidents, though the company insists the model is safe?  6. The U.S. government is warning against the use of telecommunications equipment made by what Chinese company, though the organization denies any wrongdoing?  7. A bomb cyclone brought rapid temperature drops and dangerously high winds to U.S. states in and east of what mountain chain?  8. Among U.S. fast food chains that have expanded in China, what brand is considered the biggest success story, with twice as many restaurants there as McDonald's?  9. What historic mission to the moon, in which Neil Armstrong and Buzz Aldrin took mankind's first steps there, is marking its 50th anniversary this July?  10. In what U.S. state would you find Hartsfield-Jackson International Airport, which has held the title of world's busiest airport since 1998?  CNN 10 serves a growing audience interested in compact on-demand news broadcasts ideal for explanation seekers on the go or in the classroom. The show's priority is to identify stories of international significance and then clearly describe why they're making news, who is affected, and how the events fit into a complex, international society.  Thank you for using CNN 10"
}
