{
  "domain": "cnn.com",
  "theme": "CORRUPTION",
  "headline": "Here how the 33 wealthy parents have responded to the college admissions scam",
  "date": "20190416T234500Z",
  "url": "https://www.cnn.com/2019/04/16/us/college-admissions-parents-status/",
  "title": "Here's how the 33 wealthy parents have pleaded in the college admissions scam",
  "article": "It's been just over a month since prosecutors charged 50 people, including 33 parents of college-age students, of conspiring to use their wealth to game the college admissions system.  The cases of the 33 parents have sharply diverged since then.  Fourteen parents, including actress Felicity Huffman, have already agreed to plead guilty in the case. Another 19 of the parents, including actress Lori Loughlin and her husband, fashion designer Mossimo Giannulli, are fighting charges of conspiracy to commit fraud and conspiracy to commit money laundering.  Here's a look at how their cases have gone so far.  The following parents were charged by indictment with conspiracy to commit mail and wire fraud and honest services mail and wire fraud, as well as money laundering conspiracy. They have entered not guilty pleas. Actress Felicity Huffman is one of the parents who have pleaded guilty to charges in a nationwide college admissions scam. These parents were charged by information with one count of conspiracy to commit mail fraud and honest services mail fraud. They have agreed to plead guilty pursuant to plea agreements. 13. Davina Isackson (charged by separate information along with her husband) In addition, one parent was charged by information with one count of conspiracy to commit mail fraud and honest services mail fraud, as well as one count of money laundering conspiracy and one count of conspiracy to defraud the IRS. He has agreed to plead guilty. 14. Bruce Isackson (charged by separate information along with his wife)"
}
