{
  "domain": "cnn.com",
  "theme": "ECON_STOCKMARKET",
  "headline": "Financial stocks have been struggling . Here why it a good time to buy",
  "date": "20190327T191500Z",
  "url": "https://www.cnn.com/2019/03/27/investing/markets-now-financial-stocks/",
  "title": "Financial stocks have been struggling. Here's why it's a good time to buy",
  "article": "New York (CNN Business) Investors who think the US economy could head south may be worried about holding financial stocks. They may want to think again.  Savita Subramanian, the head of US equity and quantitative strategy at Bank of America Merrill Lynch, says the sector is worth considering.  It's not the 2007 toxic sector that derailed the market, she told Zain Asher on CNN Business' Markets Now live show Wednesday. It's really cleaned up its act.  Subramanian acknowledged that some investors have been concerned about the partial inversion of the yield curve , which is a reliable recession indicator.  Volatility is definitely in the cards for the foreseeable future, she said.  However, that doesn't mean that Subramanian believes investors need to run for cover. Right now, it's better to buy cyclical stocks that grow when the economy grows, rather than defensive stocks that hedge against a shrinking economy, she said.  You want to look for companies with healthy balance sheets, with predictable and stable earnings growth, she said. These are companies that could actually weather a downturn a little bit better than we might have thought, given their more cyclical nature.  Financial stocks fit that bill, according to Subramanian.  She pointed out that many financial companies offer stable and potentially growing dividends. And counter to popular belief, financial companies can perform well even when short-term interest rates are on hold. The Federal Reserve has signaled that it won't hike rates in 2019.  That said, it's hard to read exactly how the inverted yield curve will affect US markets, said Matthew Cheslock, equity trader at Virtu Financial, on Markets Now.  This market really has no historical patterns to it, he said. We can't study this from a textbook.  Hosted by CNN's business correspondents, the 15-minute program features incisive commentary from experts.  You can watch Markets Now at CNN.com/MarketsNow from your desk or on your phone or tablet. If you can't catch the show live, check out highlights online and through the MarketsNow newsletter, delivered to your inbox every afternoon."
}
