{
  "domain": "cnn.com",
  "theme": "CORRUPTION",
  "headline": "Texas Mayor Richard Molina arrested and charged with illegal voting scheme",
  "date": "20190426T183000Z",
  "url": "https://www.cnn.com/2019/04/26/politics/richard-molina-arrested-voting-scheme/",
  "title": "Texas mayor arrested and charged for illegal voting scheme",
  "article": "The mayor of a Texas city near the US-Mexico border was arrested and charged Thursday with orchestrating an organized illegal voting scheme to win his 2017 election, the state's attorney general said.  Edinburg Mayor Richard Molina and his wife are alleged to have had numerous voters change their addresses to places they didn't live, including Molina's apartment complex, so they could cast their ballot for him, Texas Attorney General Ken Paxton said Thursday  Molina's party affiliation was not immediately clear. Edinburg's mayoral election is non-partisan.  Molina faces one count of engaging in organized election fraud and two counts of illegal voting. Molina's wife, Dalia, was also arrested and charged with one count of illegal voting.  The Molinas' alleged illegal voting scheme also enlisted paid campaign workers, Paxton said in a news release.  Eighteen individuals have been arrested since last year in connection to the scheme. In November 2017, Molina ousted former Edinburg Mayor Richard Garcia from office in the municipal election. Molina and his wife were arraigned Thursday after turning themselves over to authorities. The two posted bond and were released later that day. Voter fraud is an affront to democracy and places the decision-making authority of the Texas electorate in the hands of those who have no right to make those choices, Paxton said in a statement. Cary Zayas, a city spokeswoman, said Molina adamantly denies any wrongdoing, adding that the mayor did not immediately have a statement. CNN has reached out to Molina's attorney."
}
