{
  "domain": "cnn.com",
  "theme": "ECON_STOCKMARKET",
  "headline": "Stock market today : Latest news",
  "date": "20190418T114500Z",
  "url": "https://www.cnn.com/business/live-news/stock-market-news-today-041819/",
  "title": "What's moving markets today: Live updates",
  "article": "A satellite that Boeing (BA) manufactured for Intelsat, a Luxembourg-based video and broadband company, is a total loss.  The satellite suffered some type of damage on April 7, causing a propellant leak and some service outages. While working to restore the satellite, something else went wrong and the satellite was lost. The companies are investigating what happened.  Intelsat (I) stock was down about 2% during after-hours trading.  The Boeing-built satellite was part of a fleet of about 50 that make up Intelsat's network  but it was one of the newer additions. The satellite was supposed to keep working until mid-2031.  Intelsat executives reportedly said in 2016, when the satellite launched, that it cost between $400 million and $450 million.  A failure review board has been convened with the satellites manufacturer, Boeing, to complete a comprehensive analysis of the cause of the anomaly, Intelsat said in a statement."
}
