{
  "domain": "cnn.com",
  "theme": "UNGP_HEALTHCARE",
  "headline": "Samantha Bee takes anti - vaxxers to task in  Riverdale  spoof",
  "date": "20190404T173000Z",
  "url": "https://www.cnn.com/2019/04/04/entertainment/full-frontal-riverdale/",
  "title": "Samantha Bee takes anti-vaxxers to task in 'Riverdale' spoof",
  "article": "The Full Frontal host used the set of Netflix's Riverdale as a backdrop for her message Wednesday, renaming it Full Fronterdale.  She kicked off the segment by interviewing Ethan Lindenberger, the Ohio teen who made headlines after he went against his parents' wishes when he turned 18 and got vaccinated.  Bee transformed into a cheerleader who had been convinced by her mom that getting vaccinated is wrong.  When one of the show's characters, Archie Andrews [KJ Apa], approaches Bee with a Band-Aid on his arm, she immediately asks, Oh my god, Archie, are you hurt?  Related: Her son died. And then anti-vaxers attacked her The opposite, actually, I got vaccinated, Andrews says. Vaccinated? I don't do that stuff. My parents don't approve ... wow you make vaccinations sound so cool. Maybe it is bad to get diseases from the Middle Ages."
}
