{
  "domain": "cnn.com",
  "theme": "SCIENCE",
  "headline": "Researchers made a robotic dinosaur skeleton run on a treadmill . Here what they learned",
  "date": "20190502T184500Z",
  "url": "https://www.cnn.com/2019/05/02/world/dinosaur-flight-running-scn/",
  "title": "Researchers put fake wings on a running ostrich to learn about dinosaurs",
  "article": "An artist's illustration of Simbakubwa kutokaafrika, a gigantic carnivore that lived 23 million years ago. It is known from fossils of most of its jaw, portions of its skull and parts of its skeleton. It was a hyaenodont, a now-extinct group of mammalian carnivores, that was larger than a modern-day polar bear.  The remains of 137 children and 200 llamas were found in Peru in an area that was once part of the Chim\u00fa state culture, which was at the peak of power during the 15th century. The children and llamas might have been sacrificed due to flooding.  Researchers recently studied climate change in Greenland as it happened during the time of the Vikings. By using lake sediment cores, they discovered it was actually warmer than previously believed. They studied at several sites, including a 21st-century reproduction of Thjodhild's church on Erik the Red's estate, known as Brattahl\u00ed\u00f0, in present day Qassiarsuk, Greenland.  This artist's illustration shows a marine reptile similar to a platypus hunting at dusk. This duckbilled animal was the first reptile to have unusually small eyes that most likely required it to use other senses, such as the tactile sense of its duckbill, to hunt for prey.  Researchers stand at the excavation site of Aubrey Hole 7, where cremated human remains were recovered at Stonehenge to be studied. New research suggests that 40% of 25 individuals buried at Stonehenge weren't from there -- but they possibly transported stones from west Wales and helped build it.  The remains of a butchered rhinoceros are helping researchers to date when early humans reached the Philippines. They found a 75% complete skeleton of a rhinoceros that was clearly butchered, with 13 of its bones displaying cut marks and areas where bone was struck to release marrow, at the Kalinga archaeological site on the island of Luzon.  This is just one of 26 individuals found at the site of a fifth-century massacre on the Swedish island of \u00d6land. This adolescent was found lying on his side, which suggests a slower death. Other skeletons found in the homes and streets of the ringfort at Sandby borg show signs of sudden death by blows to the head.  The earliest modern human fossil ever found outside of Africa has been recovered in Israel. This suggests that modern humans left Africa at least 50,000 years earlier than previously believed. The upper jawbone, including several teeth, was recovered in a prehistoric cave site."
}
