{
  "domain": "cnn.com",
  "theme": "ELECTION",
  "headline": "Abdelaziz Bouteflika will not run for a fifth term as president",
  "date": "20190311T200000Z",
  "url": "https://www.cnn.com/2019/03/11/africa/abdelaziz-bouteflika-algeria-fifth-term-intl/",
  "title": "Algerian president will not run for a fifth term",
  "article": "There is no place for a fifth term, Bouteflika said in a statement, according to the official Algeria Press Service (APS). My health and my age only permit me to fulfill my last duty towards the Algerian people -- (that) is to work on laying the foundations of a new republic.  Addressing the Algerian people directly, the letter described the decision as a response to the urgent demand that you have made of me and promised that the succession between generations is inevitable.  Shortly after the announcement, Algerians took to the streets to celebrate the news, draping themselves in the national flag.  Algerians celebrate on the streets after Bouteflika announced he would not stand for a fifth term. In a series of announcements, Bouteflika also said he would reshuffle his cabinet. Prime Minister Ahmed Ouyahia resigned on Monday and was replaced by Interior Minister Noureddine Bedoui, whom Bouteflika has asked to form a new government. While Bouteflika did not provide a new date for the elections, he said the delay was intended to calm fears and allow for the promotion of tranqulity and public security ahead of bringing Algeria into a new era. Despite being a largely absent ruler because of his ongoing health problems in recent years, Bouteflika refused to relinquish his grip on power. It's become widely believed that he has spent his time as president largely incapacitated and has recently left the reigns of the country in the hands of a military and civilian elite. First elected in 1999, Bouteflika originally won praise in his first two terms for steering his country back to stability following the black decade of the 1990s, when a bloody civil war left more than 150,000 dead. He then went on to win a third term in 2009 by a landslide, after Algerian lawmakers paved the way for the country's constitution to be changed -- which previously capped presidential limits at two terms. However, opposition candidates labeled the win a charade. While small protests broke out in 2014 after Bouteflika won a fourth term, this time around Algerians had finally had enough. He's been there for 20 years. He's been very sick since 2013. He hasn't been able to talk to his people for the last six years, let alone govern, Dalia Ghanem, an Algerian resident scholar at the Carnegie Middle East Center, previously told CNN. Popular disillusionment had spiraled over the undemocratic rule of le pouvoir, or the power, as the established clique propping up Bouteflika has become known as. Thousands gathered in the capital Algiers on Friday and chanted No fifth term for Bouteflika, Bring the army or the police, we don't care, and You destroyed the country, you bunch of thieves. Algerians shout slogans and raise signs and national flags as they protest outside the city hall in the northern coastal city of Oran, about 410 kilometers west of the capital Algiers. While protests are fairly common in Algeria -- with high levels of unemployment and the country suffering a debilitating financial crisis as a result of a collapse in oil revenues -- experts argued that the recent demonstrations were different. Ghanem said the protests were about people getting back their dignity. She said that while the protests started as student-led demonstrations, they now involved people from different generations and backgrounds -- students, lawyers, doctors and the unemployed."
}
