{
  "domain": "cnn.com",
  "theme": "PUBLIC_TRANSPORT",
  "headline": "London Fashion Week : Brexit , protest and a new feminity",
  "date": "20190220T131500Z",
  "url": "https://www.cnn.com/style/article/london-fashion-week-highlights-autumn-winter-2019/",
  "title": "London Fashion Week: Brexit, protest and a new femininity",
  "article": "In recent years, London has lost ground to the rest of the big four fashion weeks, ceding column inches to the legacy brands showing at Milan or Paris, and no longer considered as commercially viable as New York.  Yet the British capital remains, perhaps, the city where designers are at their most outspoken, using fashion as a tool for resistance by bringing new perspectives, subcultures and renegade ideas to the runway.  This season, designers had a lot to say across over 100 scheduled events. Here are five of the key takeaways from the Autumn-Winter 2019 edition of London Fashion Week.  Protest on and off the runway  We are navigating uncertain times, both politically and socially, and the spirit of activism pulsed through London Fashion Week.  Simultaneously, a group of body positivity activists, including plus-size model Felicity Hayward, gathered to protest fashion's traditional and often outdated approach to the female form, holding placards with messages like Fashion should empower us.  Femininity in the wake of #MeToo  Last season, #MeToo permeated many of the collections at London Fashion Week, leaving designers grappling with fashion's place within the movement. This season, at least, many labels came to more solid conclusions about the future of femininity, embracing the multi-layered complexity of modern womanhood.  Marta Jakubowski celebrated the liberation of female sexuality with a collection of languid, draped silhouettes in contrast with tailored suiting -- softness and structure. Each model carried a stemmed Anthurium flower in her mouth, juxtaposing with the final line of the show notes: she will not be silenced.  Fashion East's Charlotte Knowles used her show to address culturally constructed codes of femininity. Playing with notions of public versus intimate, and vulnerability versus combat, her collection subverted stereotyped perceptions of women's dress. The designer turned the sexualized idea of push-up bras and mini skirts on its head by recreating them in puffer material -- underwear as armor. Elsewhere, Knowles' tiny cardigans appeared as harnesses, while coats featured large hidden pockets for a woman's tools.  On Saturday, the ever-ethereal Simone Rocha put on a show at the Royal Academy of Arts that championed female diversity and empowerment. Wearing silk and sequined dresses with sheer trenches inspired by artist Louise Bourgeois, the runway featured models of all ages and sizes, including actress Chlo\u00eb Sevigny, model turned director Lily Cole, artist Conie Vallese and 1980s model Jeny Howorth.  After several seasons, it looks like -- whisper it -- fashion's love affair with minimalism may be coming to an end. In place of paired back palettes and sleek silhouettes, maximalism reigned supreme in London.  Nowhere was this more obvious than at Halpern -- unsurprising, given that Michael Halpern began advocating a return to glamour with his debut show back in 2017. This season, he showed high-shine sequins alongside rainbow silk column dresses with jeweled chokers and glitter-covered platforms.  Fashion week stalwart Mary Katrantzou too showed a collection to stand out in. Inspired by the four classical elements -- earth, wind, fire and water -- the collection opened with what has been described as London's Sesame Street moment: a rare runway appearance by supermodel Natalia Vodianova wearing a yellow feathered gown so high that only her eyes could be seen peeking over the top.  What followed was a lesson in grown up glamour: sequined gowns with keyhole backs, pastel feathered floor sweeping dresses and crystal embellished coats.  London is a city traditionally seen as the hotbed for emerging fashion talent, and the rising stars were out in force this season.  Titled In Uncertain Times, This Is a Sure Thing! the designer's Autumn-Winter 2019 collection saw him reveling in creativity as an escape from our tumultuous times, using his interest in folklore as a starting point. Bovan apparently spent several months researching the 17th-century Pendle witch trials, with mysticism of mythology leading to his own exploration of modern magic.  The collection was formed using his signature mash-up of knitwear, clashing prints and eccentric flair -- voluminous, bustle-like skirts covered in crochet, or mismatched floral print paired with embellished cropped cardigans and even the occasional top hat.  Last month, fashion powerhouse Burberry warned of the huge tariffs and severely disrupted supply chains it may face should a no-deal Brexit come to pass. The brand's show, held at Tate Modern, hinted at a fractured Britain, with Riccardo Tisci stating backstage that the disparate parts of collection all stem from the same mood, but they are talking to different publics.  At Fashion Week's official opening, the head of the British Fashion Council, Caroline Rush, reminded us just how multicultural the lineup is, stating that London Fashion Week is a big opportunity to prove that London is open. But while this season has proven the capital's credentials, for many it will be next season that serves as the real test of London's place in the fashion industry."
}
