{
  "domain": "cnn.com",
  "theme": "ECON_STOCKMARKET",
  "headline": "Mark Zuckerberg net worth shrank by $9 billion last year",
  "date": "20190305T174500Z",
  "url": "https://www.cnn.com/2019/03/05/tech/mark-zuckerberg-forbes-list/",
  "title": "Mark Zuckerberg's net worth shrank by $9 billion last year",
  "article": "New York (CNN Business) Mark Zuckerberg had a rough 2018. Facebook was plagued by scandal and data breaches, and Zuckerberg's wealth shrank along with his company's fortunes.  The Facebook CEO's net worth fell by $9 billion. He slipped three places on the Forbes 2018 global billionaires list , which the publication released Tuesday. The magazine now estimates Zuckerberg's net worth to be $62.3 billion  down from $71 billion last year.  had a brutal 2018 : The company was battered with data breaches and multiple government investigations into its practices. Its stock lost more than a fifth of its value.  Zuckerberg's wealth is tied to Facebook's performance because he owns nearly 17% of the stock, according to Forbes.  The top three people on the list were unchanged compared to last year.  Forbes said that the number of billionaires shrank for only the second time in a decade, citing last year's tumultuous stock market and slowing global economy.  The total combined net worth for its billionaires shrank $400 billion to just $8.7 trillion. Nearly 250 people dropped out of the list, which was the most since 2009 at the height of the Great Recession.  The publication said reality TV star and entrepreneur Kylie Jenner became the youngest-ever self-made billionaire last year. It estimates her company, Kylie Cosmetics is worth $900 million.  It reached that calculation by using a conservative revenue multiple compared to other makeup industry peers. Forbes said Kyle Cosmetics brought in about $360 million in sales last year  and Jenner owns 100% of the company.  So where did the other $100 million come from? Forbes said she has that money in cash."
}
