{
  "domain": "cnn.com",
  "theme": "ECON_STOCKMARKET",
  "headline": "J . Crew Presidents Day sale : Shop new dresses , dress shirts , denim , jewelry and shoes",
  "date": "20190215T180000Z",
  "url": "https://www.cnn.com/2019/02/15/cnn-underscored/jcrew-presidents-sale-shop/",
  "title": "Shop the J.Crew Presidents Day sale for major discounts on spring essentials",
  "article": "J.Crew, the men's and women's clothing brand known for its deliciously preppy, chic designs, is holding a major sale this Presidents Day. That means it's time to stock up on new dresses, fresh denim, wardrobe basics (like crisp, white T-shirts), jewelry, accessories and shoes.  Those who frequently shop J.Crew know how hard it can be to choose among the retailer's many stylish offerings. And when you want to have it all, that shopping cart total can add up fast. The good news is, with the J.Crew sale this weekend, there's no better time to buy every item on your wish list. Go ahead and take a chance on that fun, floral dress you've been coveting for spring, or pick a more daring color or pattern when you purchase a new blazer or dress shirt.  To get started shopping, simply use the promo code YESPLEASE at checkout  and it's all savings from there.  Note: Prices above reflect the retailer's listed price at the time of publication."
}
