{
  "domain": "cnn.com",
  "theme": "ECON_STOCKMARKET",
  "headline": "GE shares tank suddenly as CEO starts talking",
  "date": "20190305T200000Z",
  "url": "https://www.cnn.com/business/live-news/stock-market-news-today-030519/h_5129b2b0856c7a507871edb745b0ec08",
  "title": "GE shares tank suddenly as CEO starts talking",
  "article": "GE CEO Larry Culp didn't make it past his first question at JPMorgan's Industrial conference before the company's stock started tanking.  That was enough to send GE's stock plunging more than 7%.  GE (GE) investors had expected some bad news in 2019. The company is in a transition year. But free cash flow wasn't expected to be negative"
}
