{
  "domain": "cnn.com",
  "theme": "SCIENCE",
  "headline": "Andrea Norton : College student falls off a cliff while posing for photo",
  "date": "20190416T170000Z",
  "url": "https://www.cnn.com/2019/04/16/us/college-student-death-photo-trnd/",
  "title": "College student on a trip to the Ozarks fell 100 feet to her death while posing for a photo",
  "article": "(CNN) A college student studying environmental science fell about 100 feet to her death while hiking on a class trip to the Ozarks, officials said.  Andrea Norton, 20, was among a group of Briar Cliff University students who traveled to Hawksbill Crag in Arkansas' Ozark National Forest on Sunday morning as part of a class activity, Newton County Sheriff Glenn Wheeler said.  Witnesses said she repositioned herself for a photo and then fell, CNN affiliate KYTV reported  Norton was originally from Hot Springs, South Dakota, and was a junior at Briar Cliff, which is in Sioux City, Iowa. The professor that led the group of students to the crag has been coming there for more than 20 years, Wheeler said  As part of her studies, she traveled to Arkansas, Costa Rica and California, and was planning a trip to the Galapagos Islands next year, her obituary said.  Andrea developed a genuine love for the planet and devoted herself to making a major impact in the preservation, the obituary reads. She never lost her rambunctious approach to achieving her goals.  Andrea was a passionate environmental science major, exemplary student and dedicated athlete. She lived BCU's values in everything she did from the classroom to the court and everywhere she went, the university said.  Sheriff Wheeler said Norton's death was a reminder of how dangerous these popular spots like Hawksbill Crag can be.  Hawksbill Crag is a spectacular location that thousands of people visit and enjoy each year, he said. But one stumble or misstep is all it can take to turn a great day into a tragic one. I want everyone to enjoy our county but use extreme caution and respect how dangerous these places can be. I don't want any other families going through what Andrea's family is now facing."
}
