{
  "domain": "cnn.com",
  "theme": "DEMOCRACY",
  "headline": "Pete Buttigieg Fast Facts",
  "date": "20190419T171500Z",
  "url": "https://www.cnn.com/2019/04/19/us/pete-buttigieg-fast-facts/",
  "title": "Pete Buttigieg Fast Facts",
  "article": "(CNN) Here's a look at the life of Pete Buttigieg , mayor of South Bend, Indiana, and 2020 Democratic presidential candidate .  Buttigieg's father, Joseph, emigrated to the United States from Malta. Buttigieg roughly translates to lord of the poultry.  If elected, Buttigieg would be the nation's first gay president.  He learned Norwegian to read the works of novelist Erlend Loe in the original language.  Plays piano and guitar and has performed with the South Bend Symphony Orchestra.    2007-2010 - Consultant at McKinsey & Co. in Chicago.  February 27, 2013 - Releases the Releases the Vacant & Abandoned Properties Task Force Report , which calls for 1,000 abandoned houses to be addressed in 1,000 days. The goal is met in September 2015 with over 1,000 homes being demolished or refurbished.  February-September 2014 - Deployed to Kabul, Afghanistan, as an intelligence officer.  February 12, 2019 - His memoir, Shortest Way Home: One Mayor's Challenge and a Model for America's Future, is published."
}
