{
  "domain": "cnn.com",
  "theme": "IMMIGRATION",
  "headline": "Trump jokes after rally attendee suggestion to  shoot  migrants at the border",
  "date": "20190509T050000Z",
  "url": "https://www.cnn.com/2019/05/09/politics/donald-trump-rally-shoot-migrants/",
  "title": "Trump jokes after rally attendee's suggestion to 'shoot' migrants at the border",
  "article": "Trump outlined his concerns about the US-Mexico border, making the case for his long-sought border wall: When you have 15,000 people marching up, and you have hundreds and hundreds of people, and you have two or three border security people that are brave and great.  And don't forget, we don't let them and we can't let them use weapons. We can't. Other countries do. We can't. I would never do that. But how do you stop these people? the President said.  Someone in the audience interrupted Trump, shouting: Shoot them!  Trump chuckled at the shouted remark before shaking his head, as the crowd began to laugh.  That's only in the Panhandle you can get away with that statement, the President then said with a smile, with the crowd erupting into laughter. Only in the Panhandle! The Trump campaign did not immediately return a request for comment. The riff came during a rally in Panama City Beach, a town in the Florida Panhandle where Trump drove up big margins of support to help him win the state in 2016. Trump's aggressive stance against illegal immigration has put him at odds with Democrats on how to stem the problem, but it has remained a signature campaign issue for the President."
}
