{
  "domain": "cnn.com",
  "theme": "ECON_STOCKMARKET",
  "headline": "Safety is an ongoing struggle for Uber",
  "date": "20190411T211500Z",
  "url": "https://www.cnn.com/business/live-news/uber-ipo/h_b49d811b51066e737877bf52825a72c8",
  "title": "Safety is an ongoing struggle for Uber",
  "article": "Uber continues to find itself in the spotlight over troubling safety incidents. The company says safety is its first priority, but it has a long way to go to prove it.  An April 2018 CNN investigation found that 103 Uber drivers in the US have been accused of sexually assaulting or abusing their passengers.  After CNN started asking questions, Uber made some changes to its safety policies, including:  The company pledged to release a safety transparency report with data surrounding reports of sexual assaults and abuse by drivers. CNN has been asking for this data for more than a year.  And the safety complaints are still coming. A woman who says she was sexually assaulted by an Uber driver in Washington, DC is suing the company for $10 million.  Uber is facing another lawsuit that accuses the company of failing to warn women about a series of rapes by fake Uber drivers in LA."
}
