{
  "domain": "cnn.com",
  "theme": "REFUGEES",
  "headline": "Taking Australia asylum seekers was a  deal with the devil : former Nauru leader",
  "date": "20190418T233000Z",
  "url": "https://www.cnn.com/2019/04/18/australia/nauru-former-president-intl/",
  "title": "Taking Australia's asylum seekers was a 'deal with the devil:' former Nauru leader",
  "article": "(CNN) The Nauru president who allowed Australia to reopen a controversial detention camp for asylum seekers on the tiny Pacific island has said that he made a deal with the devil.  In 2012, Sprent Dabwido gave then-Australian Prime Minister Julia Gillard the go-ahead for the facility, which Amnesty International later slammed as an  open-air prison .  For years, the Australian government has sent asylum seekers who arrive in its waters by boat to offshore processing centers on Nauru and on Papua New Guinea's Manus Island.  The detainees were told they would never be settled in Australia if they came by boat. Canberra says tough border protection policies are necessary to avoid deaths at sea at the hands of people smugglers.  But the offshore processing centers were highly controversial. Human rights groups criticized the poor living conditions and high incidence of mental health problems among detainees.  Nauru government should find a better way than living on these people's blood, he added.  Dabwido, who presided over Nauru from 2011 to 2013, made the frank comments in what he said would most likely be his last interview before succumbing to a battle with terminal cancer.  The former president is himself now seeking asylum in Australia, after clashing with the Nauru government over a political rally at the country's parliament in 2015.  As Dabwido reflected on his time in office, he said his decision had turned our country upside down. I thought I was doing the right thing, he said.  (But) lives have been lost, corruption and greed has overtaken my island.  When asked by The Project reporter whether he felt he had done a deal with the devil, Dabwido replied that he didn't believe so at the time. Now, though, I think the deal on the table was done by the devil, he said. It is a deal with the devil.  The reporter apparently did not clarify whether Dabwido was using that comparison to point to a specific party.  Nauru's authorities did not respond to CNN's request for comment on Thursday.  An Australian government spokeswoman said regional processing arrangements had kept Australia's borders secure.  Refugees and non-refugees in Nauru live in the community, they are not detained, the spokeswoman said in a statement. Health and welfare services are provided.  But Katie Robertson, the legal director of Australia's Human Rights Law Center, said Dabwido's comments were a damning indictment of the policy.  For six long years, refugees in Australia's care on Nauru have been subjected to an unconscionably cruel and brutal regime of indefinite detention, she said. Over this time, we've seen a humanitarian crisis unfolding.  Robertson called for those who remained on Nauru to be settled in Australia.  Last year, a United Nations official described the mental health conditions of detainees on Nauru as shocking, noting serious issues including self-harm among children.  In February, after the last children were removed from Nauru, Morrison said Australia had got the balance right."
}
