{
  "domain": "cnn.com",
  "theme": "AGRICULTURE",
  "headline": "Key India election issues to watch as Modi seeks re - election",
  "date": "20190409T181500Z",
  "url": "https://www.cnn.com/2019/03/10/india/indias-next-general-deciding-issues-intl/",
  "title": "Unemployment a key issue as India's Narendra Modi seeks re-election",
  "article": "New Delhi (CNN) It is finally on: India's next general election will be held in seven phases from 11 April to 19 May, the country's election authorities announced Sunday, after weeks of anticipation.  Politicians, including Indian Prime Minister Narendra Modi , who is seeking re-election, have already started campaigning for what is shaping up to be a surprisingly unpredictable contest  For days now, India's newspapers have been full of advertisements trumpeting the achievements of various political leaders, as everyone limbers up for the once in a five year fight.  Until recently, Modi, who won office in a landslide in 2014, and who remains popular with wide swathes of the country, was seen as an almost certain bet in the face of a still fragmented opposition.  But there are growing questions over his record.  Although India has continued to grow robustly in recent years, too many of the country's young people are still struggling to find work.  Out in India's villages, there is evidence of distress among farmers -- a major voting bloc.  Against this backdrop, as the country's heads for the world's biggest exercise in democracy, here is a look at the major issues in this election.  Among Modi's big achievements when he first ran for national office in 2014 was turning what is a parliamentary political contest into a presidential style showdown.  Indians vote for their local constituency parliamentary members (MPs), and the party that ends up with the largest number of MPs gets to choose the Prime Minister.  But five years ago, Modi made the election all about himself and what he would do if he won. And one of his main promises was overhauling India's economy.  Reforms in the early 1990s made the Indian economy more market friendly, and generated high levels of growth. A new wave of prosperity was unleashed.  But over the years the country has struggled to generate enough jobs for its mass of young people.  It's a giant challenge. More than half of Indians are aged 25 or under, and some 12 million enter the workforce each year.  Modi promised to ensure that, with growth, there would also be jobs for this key electoral constituency.  Now, experts say the situation has only gotten worse: New figures from the independent researchers at the Center for Monitoring Indian Economy (CMIE) show that joblessness is rising.  To make matters worse, the number of Indians in employment or actively looking for work is falling -- a worrying combination for any economy.  This could spell trouble for Modi. Back in December, when his BJP lost a clutch of key state level elections, analysts were quick to point to the impact of these factors.  The spark was a devastating attack on Indian paramilitaries in the disputed Kashmir region on Feb 14.  While the Indian government says it eliminated a very large number of terrorists with its airstrikes and insists the operation was a success, it has repeatedly declined to put a figure on how many terrorists it killed, or release other details about what it struck.  The BJP, which has its roots in India's majoritarian Hindu right wing movement, has always sought to portray itself as strong on defense, especially when it comes to the country's Muslim neighbor Pakistan.  For all its recent troubles, the BJP and its brand of Hindu nationalism under Modi have made the party the most potent force in Indian politics in recent years, one that the opposition has struggled to counter.  Rahul Gandhi's Congress was once seen as the natural party of government.  Gandhi is the son of former Indian Prime Minister Rajiv Gandhi. His grandmother Indira was India's first female leader, and his great grandfather, Jawaharlal Nehru was the country's founding Prime Minister.  But during the last election, Congress limped home with just 44 parliamentary seats out of a total of 545 in the 2014 election. Other smaller regional players were also decimated. The BJP won 282, the biggest majority for any one party in thirty years. With its allies, the BJP was comfortably north of the 300 seat mark.  Wounded by the BJP's electoral machine, the opposition has too often resorted to portraying itself as simply anti Modi, instead of presenting an alternative vision for the country, as the Indian Express daily pointed out in a recent editorial.  The BJP, for example, has been accused of emboldening hardline Hindu vigilantes who consider the cow a sacred animal."
}
