{
  "domain": "cnn.com",
  "theme": "NATURAL_DISASTER_FLOODS",
  "headline": "Nebraska flooding has turned towns into islands . Now more places could get submerged",
  "date": "20190318T201500Z",
  "url": "https://www.cnn.com/2019/03/18/weather/nebraska-floods-monday-wxc/",
  "title": "Nebraska flooding has turned towns into islands. Now more areas could get submerged",
  "article": "(CNN) This landlocked state shouldn't have any islands. But the deadly flooding that has deluged parts of Nebraska -- and created islands where dry land should be -- could get worse before it gets better.  This really is the most devastating flooding we've probably ever had in our state's history, from the standpoint of how widespread it is, Gov. Pete Ricketts said Monday.  More than 8 million people are under flood warnings in the Midwest and the Mississippi River Valley, CNN meteorologist Dave Hennen said. The Nebraska Emergency Management Agency (NEMA) said on Monday that as of 6 p.m., 74 cities, four tribal areas and 65 counties have declared emergencies in the wake of flooding.  Eastern Nebraska remains the hardest hit area, with much of the southeast part of the state under flood warnings, he said.  The flooding has already killed two people in Nebraska and one man in Iowa. One woman was also killed in Nebraska during the flood, but investigators are looking into the cause of her death.  US Sen. Deb Fischer said in a statement Monday that Nebraska and Ricketts will send a request to President Donald Trump for disaster aid. However, Fischer said the request can't be made until damages are assessed fully.  She said she would lead the Nebraska congressional delegation in a letter supporting the governor's request.  I want all Nebraskans to know that my office stands ready to do everything in our power to lend a helping hand in any way we can, Fischer said.  On Monday evening, White House press secretary Sarah Sanders announced on Twitter that Vice President Mike Pence will travel to Nebraska on Tuesday at the request of President Donald Trump. Pence will also be joined by Ricketts and Iowa Gov. Kim Reynolds, Sanders' tweet said.  In Lincoln, Nebraska, Mayor Chris Beutler requested a disaster declaration from Ricketts on Monday after flooding caused the city's 284,000 residents to be placed under restricted water usage.  A weekend levee breach flooded one of the city's well fields along the Platte River, causing power outages in and around the well fields. Residents are being asked to limit their water usage to drinking, health and limited sanitation purposes.  Beutler is mandating restaurants serve food using disposable place settings and cups, shutting down car washes and prohibiting outdoor water use while the city remains under restrictions.  Now the big concern is water draining downstream, further deluging communities that can't take any more flooding.  As of Monday evening, the flood has had a $205 million impact on Nebraska's public sector, according to NEMA. The state's private sector has seen a $60 million impact.  Ricketts said during a news conference on Monday the state has been working with the Federal Emergency Management Agency and other federal officials to get emergency disaster declaration declared, and tap into those federal resources for public assistance and individual assistance.  Bryan Tuma, NEMA's assistant director, said the state has been expediting a request for federal disaster declaration.  We have submitted our draft and FEMA is reviewing it now, Tuma said.  'I didn't think ... ice could do what it did'  Melting ice and snow ended up in rivers and streams, causing flooding and damage days after the precipitation was over.  When a destructive mix of water and ice barreled toward Willard and Denise Ruzicka's farm, 15 neighbors scrambled to help.  Lorie Kreycik Knigge was one of the neighbors who raced to the Ruzicka's five-generation farm Saturday night. The helpers tried to move cattle, equipment and vehicles as fast as they could.  But less than three hours later, water and ice tore through the farm. The blacksmith shop and grain bins were demolished. Newborn calves and their mothers were killed and about 500 bales of stockpiled hay were washed away.  It just ate away at everything, Knigge said. I didn't think that the power of ice could do what it did.  Now Iowans are also grappling with dangerous flooding.  James Nennemann heard sirens blaring across the city of Hamburg around 4 a.m. Monday.  A barrier that the town had built and reinforced to hold back river water was breaking. Everyone needed to go.  Now, Nennemann's basement is flooded. If the water rises 2 feet more, it will reach his home's first floor.  Feels pretty numb, he said as he stared at his flooded home. It's not something that you immediately process, seeing things that (you) have never seen before.  Emergency management crews are giving residents bottled water, and a hospital in the city has been disconnected from the plant and is relying on other sources. Customers of the plant were asked to limit their use of water through items like washing machines and dish washers until the plant can get back to regular operation.  President Trump quote-tweeted Iowa's Reynolds on Monday, saying his team was in close contact with her.  We support you and thank all of the first responders working long hours to help the great people of Iowa! his tweet read.  Our prayers are with the great people of South Dakota. We are staying in close contact with @GovKristiNoem and all the State and Local leaders during and after these devastating floods. Everyone be safe!  4 deaths include a farmer trying to rescue others  Nebraskan James Wilke, a farmer in Platte County, used his tractor to try to help a person trapped in a vehicle, NEMA spokesman Mike Wight said.  With the guidance of emergency responders, James drove his tractor over the Shell Creek bridge on the Monestary Road and the bridge gave out. James and the tractor went down into the floodwater below, family friend Jodi L. Hefti wrote on Facebook.  Another Nebraska man died after he was overcome by floodwaters near a dam in Spencer, Wight said.  The Platte County Sheriff's Office also confirmed the flood-related death of Betty Hamernik, 80, of Columbus. On Thursday, a release from the sheriff's office said deputies were alerted that Hamernik was trapped in her home with rising floodwaters from the Loup River. The extreme weather and flooding conditions -- including high waves and 60 mph wind gusts -- prevented emergency responders from getting to her home.  On Friday morning, National Guard rescuers tried to get into Hamernik's home again and made it in, only to find Hamernik dead. Investigators are still looking into Hamernik's death.  In Iowa, Aleido Rojas Galan of Nebraska was one of three people rescued from floodwater, Iowa's Fremont County Sheriff's Office said. But Galan, 55, succumbed to his injuries and died at a hospital in Lincoln.  An Air Force base is partially under water  Nebraska's Offutt Air Force Base, just south of Omaha, said about 30 buildings were flooded.  As the recovery process begins, NEMA urged residents to keep looking out for loved ones and neighbors.  Warning signs include: increased use of alcohol, tobacco or other drugs; feelings of anxiety, disbelief or numbness; physical reactions such as headaches; and the worsening of chronic health problems."
}
