{
  "domain": "cnn.com",
  "theme": "AGRICULTURE",
  "headline": "WeWork isnt just selling desk space . It selling a new - age community",
  "date": "20190503T173000Z",
  "url": "https://www.cnn.com/2019/05/03/tech/wework-culture/",
  "title": "WeWork isn't just selling desk space. It's selling a new way of life",
  "article": "New York (CNN Business) Office workers who embrace a Thank God It's Monday motto. Co-living apartments with bustling communal areas so you never feel alone. Schools that unleash the entrepreneurial superpowers of your children.  These are some of the utopian visions of The We Company , the parent company to coworking giant WeWork, which filed confidential paperwork this week indicating its intent to go public.  The We Company joins a host of other highly-valued privately-held companies that expect to make their Wall Street debuts this year. Even by the lofty standards of Silicon Valley, The We Company stands out for its incredibly broad, and arguably vague, ambitions.  While Uber and Lyft are promising to upend how we get places and Pinterest is trying to shift how we shop, WeWork is looking to change the rest of our lives: how we work, live and even educate our children.  Through its various ventures, The We Company is aiming to sell community.  As one of the world's largest physical networks, it is our responsibility to help lead the way and set the global example for people and corporations on how we should take care of each other and of our planet, CEO Adam Neumann told staff this week in an email obtained by CNN Business. Partly due to technology and partly due to the times we live in, the world has never felt smaller and yet more people than ever are sharing that they feel alone.  Like other unicorns planning to IPO this year, The We Company is bleeding money. Its financials are more extreme than most of the others: Its net loss was higher than its total revenue, according to the select metrics it released at the end of March. They showed The We Company's revenue more than doubled last year to $1.8 billion, but its losses totaled $1.9 billion.  Those investments apparently haven't hindered its fundraising. It has raised $6.5 billion to date and has been valued as high as $47 billion, according to CB Insights. It is deemed to be one of the most valuable privately-held startups in the US.  The We Company has about 10,000 employees around the world and has taken a similar new-age approach to creating its own internal corporate culture. That includes having required staffers to fly out to its annual Summer Camp in the English Countryside in an effort to bond.  To understand The We Company and its obsession with the concept of community, it helps to know more about its co-founders, Adam Neumann and Miguel McKelvey. Neumann grew up on a collectively-owned and run community known as a kibbutz in Israel. McKelvey, who was raised in Oregon, lived on a sort-of commune started by five women and their children.  The duo met far from their rural roots in New York City  at the time, Neumann was trying to get a baby-clothing startup off the ground and McKelvey was working for an architecture firm. Their first iteration of WeWork was a startup called Green Desk, which provides affordable and eco-friendly office space. They began the company in 2008 and quickly sold it in 2009.  With bigger ambitions, the two launched WeWork in 2010 and renamed the parent organization The We Company in 2019.  Success is the person who in their 80s is surrounded by the most loved ones, the most family members, has created the most impact on this planet, has connected to something greater than themselves and don't forget, had a great time doing it, he recalled her saying to him.  Now the three are leading their massive, growing physical network together, hoping their unique vision can find a way into every part of people's lives  but not just for the money.  Neumann once pointed out that revenue was not the sole point of interest for investors."
}
