{
  "domain": "cnn.com",
  "theme": "IMMIGRATION",
  "headline": "20 most beautiful places in Brazil",
  "date": "20190219T053000Z",
  "url": "https://www.cnn.com/travel/article/beautiful-brazil/",
  "title": "20 of Brazil's most beautiful places",
  "article": "Porto de Galinhas is often nominated as one of the most scenic beaches in Brazil, while the island of Fernando de Noronha is a sea turtle and spinner dolphin sanctuary with some of the best diving and surfing in Brazil.  Meanwhile, Oscar Niemeyer, widely considered one of the founders of modern architecture, completed the Museum of the Eye when he was 95 in the city of Curitiba, Parana's capital and an important cultural and economic hub.  In the south, as one of the centers of Italian immigration in the 19th century, Bento Goncalves has wineries, cantinas, boutique restaurants, craft shops, art studios and small cheese and other regional food production facilities scattered along the area's rural routes.  On the northeastern coast in Salvador, brightly colored buildings -- many with stucco facades -- line Pelourinho's photogenic streets, the colonial city where European, African and indigenous cultures have converged.  Click through the above gallery to learn more about Brazil's diverse beauty."
}
