{
  "domain": "cnn.com",
  "theme": "ECON_ENTREPRENEURSHIP",
  "headline": "UK to tech execs : Clean up your platforms or face fines",
  "date": "20190408T023000Z",
  "url": "https://www.cnn.com/2019/04/07/tech/uk-social-media-regulations/",
  "title": "UK to tech execs: Clean up your platforms or face 'substantial' fines",
  "article": "London (CNN Business) Tech executives could be hit with substantial fines and criminal penalties under new rules proposed by the UK government that aim to make the internet safe for children and other vulnerable groups.  The penalties were set out Monday in a government position paper that says the United Kingdom will make internet companies legally responsible for unlawful content and material that is damaging to individuals or the country.  The government said that an independent regulator would be created to enforce the new rules, which focus on removing content that incites violence, encourages suicide or constitutes cyber-bullying. Content related to terrorism and child abuse would face even stricter standards.  Companies would be required to take reasonable and proportionate action to address objectionable content on their platforms, the government said in a statement. A code of practice would include measures to minimize the spread of misleading and harmful disinformation with dedicated fact checkers, particularly during election periods, it added.  Europe has taken a much more robust approach to tech regulation than the United States, confronting industry giants over competition issues, data protection, privacy and tax. Calls for stricter regulation have increased recently in the United Kingdom after social media was blamed for the suicide of a British teenager and Facebook failed to stop the live broadcast of a mass killing in New Zealand.  For too long these companies have not done enough to protect users, especially children and young people, from harmful content, Prime Minister Theresa May said in a statement. That is not good enough, and it is time to do things differently.  The United Kingdom is casting a wide net. The plan, which the government will continue to develop over the next 12 weeks before proposing as legislation, extends to any company that allows users to share or discover user generated content or interact with each other.  The companies would be required to have an easy and effective complaints function, where users would receive timely, clear and transparent responses to their complaints. Social media firms would also be forced to publish annual reports on the amount of harmful content on their platforms and explain what they were doing to address the issue.  The government said that the new regulator would be empowered to block access to websites or apps that break the rules, thereby disrupting their business models.  It also said that a range of options were being considered for subjecting individual senior managers to civil fines and criminal liability. The proposal suggested that rules governing executives in the financial services industry could be used as a model.  Lawmakers often tell me we have too much power over speech, and frankly I agree, he wrote in the Washington Post. I've come to believe that we shouldn't make so many important decisions about speech on our own.  Rebecca Stimson, Facebook's head of UK public policy, said Monday that new rules should support innovation, the digital economy and freedom of speech. These are complex issues to get right and we look forward to working with the [UK] government and parliament to ensure new regulations are effective, she said in a statement.  Twitter's UK head of public policy Katy Minshall said in a statement on Monday that the company is deeply committed to the safety of its users, touting what she said are 70 changes to our policies and processes last year.  We look forward to engaging in the next steps of the process, and working to strike an appropriate balance between keeping users safe and preserving the open, free nature of the internet, Minshall said."
}
