{
  "domain": "cnn.com",
  "theme": "ELECTION",
  "headline": "Live updates : James Comey CNN town hall",
  "date": "20190510T000000Z",
  "url": "https://www.cnn.com/politics/live-news/james-comey-town-hall-2019/",
  "title": "James Comey CNN town hall: Live updates",
  "article": "An audience member asked James Comey if he would ever run for office. Comey had an easy answer.  No, never, he said firmly. I admire good people that run for office. We need good people on both sides of the aisle running for office. It's not my thing, he said, adding that there are other ways to contribute and to serve your community and country without running.  He said he would, however, canvas for Democrats in the upcoming election because he believes in oversight of the president."
}
