{
  "domain": "cnn.com",
  "theme": "TAX_FNCACT_PRESIDENTS",
  "headline": "CNN 10 - February 19 , 2019",
  "date": "20190218T234500Z",
  "url": "https://www.cnn.com/2019/02/18/cnn10/ten-content-tues/",
  "title": "10 - February 19, 2019",
  "article": "The Caribbean nation of Haiti is our first stop today, where protests and corruption threaten the political stability of the country. Then, we're taking you to Venezuela, where there's a standoff between the government and the opposition concerning the delivery of aid. After that, we're explaining how the Presidents Day holiday got its start. And we conclude with a treetop visit to the jungle of Laos.  CNN 10 serves a growing audience interested in compact on-demand news broadcasts ideal for explanation seekers on the go or in the classroom. The show's priority is to identify stories of international significance and then clearly describe why they're making news, who is affected, and how the events fit into a complex, international society."
}
