{
  "domain": "cnn.com",
  "theme": "DRUG_TRADE",
  "headline": "CNN 10 - April 18 , 2019",
  "date": "20190417T221500Z",
  "url": "https://www.cnn.com/2019/04/17/cnn10/ten-content-thurs/",
  "title": "10 - April 18, 2019",
  "article": "Three weeks after the U.S. Justice Department released a summary of the Mueller Report, lawmakers await the full results of the investigation. A special CNN report examines how Venezuela has become a major route for illegal drug smugglers. And a pontoon boat is pulled to safety after hanging out over the edge of a dam in North Carolina.  CNN 10 serves a growing audience interested in compact on-demand news broadcasts ideal for explanation seekers on the go or in the classroom. The show's priority is to identify stories of international significance and then clearly describe why they're making news, who is affected, and how the events fit into a complex, international society."
}
