{
  "domain": "cnn.com",
  "theme": "EDUCATION",
  "headline": "That  Green Book  Oscar win is so our country right now",
  "date": "20190225T181500Z",
  "url": "https://www.cnn.com/2019/02/25/entertainment/green-book-politics/",
  "title": "That 'Green Book' Oscar win is so our country right now",
  "article": "The movie of the same name has a scene with a white man teaching a black man how to eat fried chicken, while the white character drives him through the '60s South.  And it won the Oscar for best picture on Sunday night.  If that ain't America, nothing is.  Just like the nation remains split over issues of ethnicity and identity, the film has caused a divide between those who see it as celebrating friendship and those who see it as racist.  Green Book chronicles the real-life friendship between piano virtuoso Dr. Donald Shirley, played by best supporting actor Oscar-winner Mahershala Ali, and Tony Vallelonga, played by Viggo Mortensen, who served as his driver. by some for seeming to reinforce the white savior trope used by Hollywood time and again in films having to do with race. by some for seeming to reinforce the white savior trope used by Hollywood time and again in films having to do with race. The film has faced criticism by some for seeming to reinforce the white savior trope used by Hollywood time and again in films having to do with race. The movie's big win sparked a social media conversation that seized on phrases often used to express how not racist someone is, when in fact what they are saying can be construed as racist as hell. Writer and former ESPN host Jemele Hill helped kick it off after she responded to a tweet that read: Green Book doesn't see color. Green Book says it has black friends  Wham Bam Can of Ham (@THlSlSAMERlCA) February 25, 2019 Green Book wishes they'd just keep politics out of football.  \u2744\ufe0f Michelle \u2744\ufe0f (@Songbird_7_) February 25, 2019 Green Book wants to touch your hair  Sheri Flanders (@SheriFlanders) February 25, 2019 Green Book doesn't want you to find his medical school yearbook from the 80s  MaryDesignsSometimes (@halftankstudio) February 25, 2019 Green Book truly believes that all movies matter.  JayDee_JD (@JayDee_JayDee2) February 25, 2019 An avalanche of commentary followed, including Green Book says it has black friends. Green Book wishes they'd just keep politics out of football, Green Book wants to touch your hair and Green Book doesn't want you to find his medical school yearbook from the 80s. And of course, the tweet which noted that all movies matter."
}
