{
  "domain": "foxnews.com",
  "theme": "IDEOLOGY",
  "headline": "Myanmar frees 2 imprisoned Reuters reporters",
  "date": "20190507T033000Z",
  "url": "https://www.foxnews.com/world/myanmar-frees-2-imprisoned-reuters-reporters",
  "title": "Myanmar frees 2 imprisoned Reuters reporters",
  "article": "The chief of Yangon's Insein Prison says two Reuters journalists who were imprisoned for breaking the country's Officials Secrets Act have been released.  Zaw Zaw said Wa Lone and Kyaw Soe Oo were freed Tuesday morning, after President Win Myint issued a blanket pardon for 6,520 prisoners. Witnesses saw the two reporters leave the prison.  Myanmar's Supreme Court on April 23 rejected the final appeal of the two against their seven-year prison terms.  Their convictions were related to reporting on security forces' abuses of the country's Muslim Rohingya minority."
}
