{
  "domain": "foxnews.com",
  "theme": "CORRUPTION",
  "headline": "Minnesota man pleads guilty to faking death for insurance",
  "date": "20190506T124500Z",
  "url": "https://www.foxnews.com/us/minnesota-man-pleads-guilty-to-faking-death-for-insurance",
  "title": "Minnesota man pleads guilty to faking death for insurance",
  "article": "A Moldovan national accused of faking his death eight years ago in Eastern Europe in order to split a $2 million life insurance policy with his ex-wife and son pleaded guilty Friday in a Minneapolis federal court.  Igor Vorotinov, a 54-year-old former resident of Minnesota, will be sentenced for mail fraud in U.S. District Court on July 29, the U.S. Attorneys Office said.  CHINESE FAMILY WHO PAID $6.5 MILLION IN COLLEGE ADMISSIONS SCANDAL CLAIMS THEY WERE DUPED  Vorotinov took out the life insurance policy with Mutual of Omaha in 2010 and named his then-wife, Irina Vorotinov, as the primary beneficiary. The couple divorced a few months later and the 54-year-old left Minnesota for Moldova, a former Soviet Republic in Eastern Europe, in 2011.  Months later, Vorotinovs ex-wife was asked to identify a decomposed corpse dressed in her former husbands clothes and carrying his passport and other ID, the Twin Cities Pioneer Press reported.  Irina Vorotinov identified the body as being her ex-husbands before she had the body cremated in Moldova and interred at a cemetery in Minneapolis. She submitted a death certificate to Mutual of Omaha, which sent her a check for $2 million in 2012, according to the paper.  Between 2012 and 2015, the money was transferred several times in varying amounts to bank accounts in Switzerland, Moldova and the U.S., one of which was in the name of their son, Alkon Vorotinov, according to the U.S. Attorneys Office.  In 2013, a tipster notified the FBI that Vorotinov was, in fact, still alive. He was living in Transnistria, a small Russian-controlled region of Moldova, under a new name, Nikoly Patoka, with a girlfriend, the Minneapolis Star Tribune reported.  Tests then determined the remains in the urn in Minneapolis were not Vorotinovs. It wasnt immediately clear whose remains they were, according to the paper.  Vorotinov was indicted in 2015. He wasn't returned to the U.S. until his arrest in November 2018.  CLICK HERE TO GET THE FOX NEWS APP  Irina Vorotinov pleaded guilty in 2016 to fraud charges and was sentenced to about three years in prison. Alkon Vorotinov was sentenced in 2015 to three years of probation for his involvement.  Vorotinovs guilty plea comes after the U.S. Attorneys Office agreed to seek a prison sentence of no more than 3 \u00bd years, the Star Tribune reported.  The Associated Press contributed to this report."
}
