{
  "domain": "foxnews.com",
  "theme": "TAX_DISEASE_DISEASES",
  "headline": "Eating nuts tied to lower heart disease risk for diabetics",
  "date": "20190220T164500Z",
  "url": "https://www.foxnews.com/health/eating-nuts-tied-to-lower-heart-disease-risk-for-diabetics",
  "title": "Eating nuts tied to lower heart disease risk for diabetics",
  "article": "People with diabetes who regularly eat nuts may be less likely to develop heart disease than their counterparts who rarely, if ever, consume nuts, a U.S. study suggests.  Diabetics who ate at least five 28-gram (one-ounce) servings of nuts a week were 17 percent less likely to develop heart disease than people with diabetes who had no more than one serving of nuts weekly, the study found.  Even just one serving of nuts might still be good for the heart, however. For people with diabetes, adding just one extra serving of nuts a week was associated with a three percent lower risk of developing cardiac conditions and six percent lower risk of dying from heart problems.  OHIO HEPATITIS A CASES HIT 1,600 BUT OUTBREAK NOT NEW, OFFICIALS SAY  These data provide novel evidence that supports the recommendation of incorporating nuts into healthy dietary patterns for the prevention of cardiovascular disease complications and premature deaths among individuals with diabetes, said lead study author Gang Liu, a nutrition researcher at the Harvard T.H. Chan School of Public Health in Boston.  The study wasnt a controlled experiment designed to prove whether or how nuts might protect people with diabetes against heart disease. But its possible that nut consumption may help improve things like blood sugar control and inflammation due at least in part to nutrients in nuts like unsaturated fatty acids, fiber, vitamin E and folate, and minerals like calcium, potassium and magnesium, Liu said.  Too many nuts may not necessarily be a good thing, however.  A handful of nuts is beneficial for heart, but it remains unclear whats the ideal serving size, Liu said by email.  More than half of the people in the current study didnt eat nuts at all, Liu noted.  Whether the more nuts, the better, needs more studies in populations with large range of nut consumption, Liu said. Despite the high energy density of nuts, there is no evidence for an association between frequent nut consumption and weight gain, possibly explained by the satiating effect of nut consumption.  In the study, researchers used self-reported diet questionnaires from 16,217 men and women before and after they were diagnosed with diabetes and asked them about their consumption of both peanuts and tree nuts over a period of several years. All of the participants had type 2 diabetes, the most common form of the disease, thats associated with aging and obesity.  MINNESOTA MAN DEVASTATED BY CANCER DIAGNOSIS AFTER SURVIVING 2 NIGHTS IN CAR DURING BLIZZARD, HYPOTHERMIA  During the study, 3,336 people were diagnosed with cardiovascular diseases. This included 2,567 cases of heart disease and 789 strokes. A total of 5,682 people died, including 1,663 deaths from cardiovascular disease and 1,297 deaths from cancer.  Nuts were still associated with a lower risk of heart disease even after researchers accounted for other risk factors for heart problems like how long patients had diabetes, obesity, eating and exercise habits, medication use, and how much they ate nuts before they were diagnosed with diabetes.  Tree nuts such as walnuts, almonds, Brazil nuts, cashews, pistachios, pecans, macadamias, hazelnuts and pine nuts were more strongly linked to a lower risk of heart disease than peanuts, which are actually legumes that grow underground.  One reason why tree nuts might be more protective is that they tend to be consumed with the skin or outer peel, in which most antioxidants reside (at least the common nuts walnuts, almonds and hazelnuts), while peanuts are usually eaten without the peel, said Dr. Emilio Ros of the Hospital Clinic of Barcelona.  CLICK HERE TO GET THE FOX NEWS APP  Also, peanuts are usually roasted and salted - the added salt might counteract the benefit from the original nut components, Ros, who wasnt involved in the study, said by email. Ros has received grants, research funding and other funds from California Walnut Commission and the International Nut and Dried Fruit Council.  A one-ounce serving of nuts is about 24 almonds, 18 cashews, 12 hazelnuts, and 14 walnut halves.  One to one and-a-half servings (28 to 42 grams) per day is the ideal dose, Ros advised. In practical terms, it is best to recommend a handful (of dehulled nuts) - the bigger the hand (and the size of the owner), the bigger the dose.  The study was published in Circulation Research."
}
