{
  "domain": "foxnews.com",
  "theme": "POVERTY",
  "headline": "Venezuela opposition - led congress to debate defense pact",
  "date": "20190507T184500Z",
  "url": "https://www.foxnews.com/world/venezuelas-opposition-led-congress-to-debate-defense-pact",
  "title": "Venezuela's opposition-led congress to debate defense pact",
  "article": "Venezuela's opposition-controlled congress plans to discuss a proposal for Venezuela's return to a regional defense agreement that dates from the Cold War.  Tuesday's debate comes as U.S. officials say they are considering military options in the Venezuelan crisis in addition to diplomatic and economic pressure that has been intensifying for months.  The United States recognizes opposition leader Juan Guaid\u00f3 as Venezuela's interim president, and says President Nicol\u00e1s Maduro should resign.  Guaid\u00f3 leads the National Assembly, which could provide political cover for deeper international involvement in the effort to oust Maduro by approving re-entry into the U.S.-led defense treaty. Venezuela pulled out of the treaty years ago.  Maduro has denounced the Guaid\u00f3-led assembly, instead recognizing a rival assembly packed with government loyalists that was set up in 2017."
}
