{
  "domain": "foxnews.com",
  "theme": "IDEOLOGY",
  "headline": "Beto ORourke says hed suspend capital punishment at federal level",
  "date": "20190314T210000Z",
  "url": "https://www.foxnews.com/politics/beto-orourke-says-hed-suspend-capital-punishment-at-federal-level",
  "title": "Beto O'Rourke says he'd suspend capital punishment at federal level",
  "article": "Several hours after announcing his bid for the White House, former Rep. Beto ORourke, D-Texas, defined one significant aspect of his platform, saying he'd suspend capital punishment at the federal level.  ORourke hit the campaign trail on Thursday in Iowa. On his way to an appearance at Fort Madison High School, ORourke, who drove himself, spoke to Radio Iowa.  The three-term congressman from El Paso was asked specifically about a recent decision by California Gov. Gavin Newsom to sign an executive order halting executions for the states 737 death row inmates.  As president, would you suspend capital punishment at the federal level? he was asked.  I would. Its not an equitable, fair, just system right now -- the guarantees and safeguards against wrongful prosecution, the disproportionate number of people of color who comprise our criminal justice system, ORourke said.  And on moral grounds, he added, I oppose the death penalty.  ORourke did vote for a bill in 2017 called the Thin Blue Line Act that expanded  the list of statutory aggravating factors in death penalty determinations to include those who target or kill law enforcement personnel.  ORourkes comments came just a day after the Democratic Governor Newsom signed an executive order that placed a moratorium on all executions at San Quentin State Prison. The order also withdrew lethal injection regulations but left convictions intact.  CLICK HERE TO GET THE FOX NEWS APP  The intentional killing of another person is wrong. And as governor, I will not oversee the execution of any individual, Newsom said in a prepared statement obtained by the Southern California News Group.  The order goes against much of the states wishes, as California voters backed a measure in 2016 to speed up executions -- President Trump said neither he nor the victims families and friends were thrilled about Newsom's change of course."
}
