{
  "domain": "foxnews.com",
  "theme": "POVERTY",
  "headline": "UN task force : Global finance overhaul key to end poverty",
  "date": "20190404T223000Z",
  "url": "https://www.foxnews.com/world/un-task-force-global-finance-overhaul-key-to-end-poverty",
  "title": "UN task force: Global finance overhaul key to end poverty",
  "article": "A U.N. task force comprising more than 60 international organizations called Thursday for an overhaul of national and international financial systems, warning that current arrangements can't tackle climate change, poverty, inequality and other urgent development issues.  The task force  including the International Monetary Fund, World Bank Group and World Trade Organization  said in a new report that mobilizing sufficient financing remains a major challenge to achieve the 17 U.N. development goals for 2030 aimed at ending poverty and preserving the environment.  Secretary-General Antonio Guterres said in a forward to the report that private sector interest in financing the goals is growing, and the goals are increasingly being incorporated in public budgets and development cooperation efforts.  But the U.N. chief said these changes are not happening at the required scale, nor with the necessary speed.  Combined with slowing economic growth, increasing income inequality and threats to multilateralism, Guterres said it is clear the world won't achieve the U.N. goals without a fundamental shift in the international financial system that enables us to address urgent global threats and restore trust in international cooperation.  The 177-page report said rapid changes in technology, geopolitics and climate are remaking societies and economies  and existing national and multilateral institutions which helped lift billions of people out of poverty starting after World War II are now struggling to adapt.  U.N. Deputy Secretary-General Amina Mohammed told a news conference launching the report that rather than retreating from multilateral cooperation, we must strengthen our collective action to address global challenges in support of sustainable development. And global approaches must be complemented by national action, she said.  The task force made a series of recommendations to overhaul the current global financial architecture to meet the U.N. goals. Navid Hanif, the director of the U.N.'s Financing and Development Office, explained the key recommendations:   The current financial system is designed for short-term gains and a shift is needed to long-term investments and returns to address development needs.   There's a need to rethink multilateral arrangements when a country runs into debt problems and needs to restructure so that both old and new players are at the table.   One reason for inequality and economic stagnation is market concentration where few actors are running the market and calling the shots. You need to rethink the rules and regulations to make sure the monopolization doesn't happen, he said.   The multilateral trading system needs to be revamped.   Tax systems that inhibit countries from mobilizing resources in an increasingly digitalized world economy need to be challenged.  Mohammed said achieving U.N. goals including new infrastructure, shifting to clean energy, action to combat climate change and helping cities that are going to grow at exponential rates need billions to trillions of dollars in major investments.  She said she doesn't think the connection has been made yet that these investments will increase jobs and revenue to pay for services that countries ought to have. But all these issues and the recommendations will be presented to the April 12-14 meetings of the World Bank and IMF in Washington, she said.  I urge the international community and countries to act on the report's recommendations, Mohammed said.  I think the implications of not investing will cost everyone, she said. We are seeing an increase in migration that costs. We are seeing that people are not able to eat. ... We are losing all the gains we had on the hunger goal and that creates all sorts of instability.  When people are hungry, they have no hope. Then we know they're fodder for many of the conflicts that we see around the world today, Mohammed warned."
}
