{
  "domain": "foxnews.com",
  "theme": "SOC_INNOVATION",
  "headline": "Maggots will be added to sausage , specialty foods as meat alternative , scientists claim",
  "date": "20190502T093000Z",
  "url": "https://www.foxnews.com/food-drink/maggots-added-sausage-specialty-foods-meat-alternative",
  "title": "Maggots will be added to sausage, specialty foods as meat alternative, scientists claim",
  "article": "One hot dog, please  heavy on the maggots.  Food scientists at the University of Queensland in Brisbane, Australia are incorporating insects such as maggots and locusts into a range of specialty foods, including sausage, as well as formulating sustainable insect-based feeds for the livestock themselves.  Hoffman says conventional livestock production will soon be unable to meet global demand for meat, so other fillers and alternatives will be needed to supplement the food supply with sufficient protein sources.  CLICK HERE TO GET THE FOX NEWS APP  An overpopulated world is going to struggle to find enough protein unless people are willing to open their minds, and stomachs, to a much broader notion of food, says meat science professor Dr. Louwrens Hoffman. Would you eat a commercial sausage made from maggots? What about other insect larvae and even whole insects like locusts? The biggest potential for sustainable protein production lies with insects and new plant sources.  The Queensland Alliance for Agriculture and Food Innovation (QAAFI) team is focusing on pleasing Western palates by disguising insects in pre-prepared foods, says Hoffman, as studies have shown they shy away from eating whole insects.  In other words, insect protein needs to be incorporated into existing food products as an ingredient, he says. One of my students has created a very tasty insect ice cream.  In terms of other sustainable sources of protein, Hoffman also brings up kangaroo meat  ideal because they dont require grasslands for grazing. They are also supplementing chicken feed, which is currently made mostly of grains, with black fly larvae, with promising results.  FOLLOW US ON FACEBOOK FOR MORE FOX LIFESTYLE NEWS  Poultry is a massive industry worldwide and the industry is under pressure to find alternative proteins that are more sustainable, ethical and green than the grain crops currently being used, says Hoffman, and points out that wild chickens eat mostly insects.  Its all pretty logical if you think about it.  Click here to read the complete article on the New York Post."
}
