{
  "domain": "foxnews.com",
  "theme": "POVERTY",
  "headline": "Tomi Lahren : Even a Sex Pistol agrees California is now thehomeless encampment of the West",
  "date": "20190502T160000Z",
  "url": "https://www.foxnews.com/opinion/lahren-california-homeless",
  "title": "Tomi Lahren: Even a Sex Pistol agrees California is now the homeless encampment of the West",
  "article": "Its one thing for a California conservative like me to sound the alarm over the homeless infestation in this state. Its another to hear it from a Punk Rock icon!  Thats when you know its bad and you know I have some First Thoughts.  Folks, Ive been telling you how bad the homeless scene is here in the Golden State of Encampments and Trash for almost two years now.  SAN FRANCISCO AIRPORT OFFICIALS SAY THERE'S A 'SURGE' OF HOMELESS PEOPLE TAKING SHELTER  When I moved here from Dallas, I couldnt believe my eyes.  Apparently, Im not the only one. Enter legendary Sex Pistols frontman Johnny Rotten, also known as John Joseph Lydon.  In an interview with Newsweek, he shared his growing frustration with the homeless problem in Venice Beach.  He recounted an incident a couple weeks ago when a homeless man pitched a tent near his front door, for crying out loud!  The vagrants moved in en masse ... [in] tent cities. Theyre all young; theyre all like 24, Lydon said. Theyre aggressive, and because theres an awful lot of them together theyre gang-y.  He also talked about the associated problem with discarded needles used for heroin. You cant take anyone to the beach because theres jabs just waiting for young kids to put their feet in  and poo all over the sand.  How could a state with such abundant natural resources, academia, celebrity, wealth, and technology be such a crap hole in so many areas?  Well, it didnt take long for me to figure it out. Its been run into the ground by Democrats who LOVE to tax the hard-working but also love to welcome and coddle illegals, felons, addicts, and bums.  Does that sound harsh? Too bad.  Heres what you need to understand about Californias homeless population- the majority isnt made up of down-on-their -luck Americans who fell on hard times. They are ex-cons.  Yep, our homeless population is largely comprised of drug addicts who, if not for Californias drug dealer/addict friendly laws, would likely be behind bars.  Blame the California legislature for this one. Back in 2011, it passed Assembly Bill 109  the so-called Realignment law.  The idea was to alter both sentencing and post-prison supervision for non-serious, non-violent, and non-sex offenders.  So some of the people who should be behind bars no doubt ended up on the streets.  But California Democrats werent done. Proposition 47 downgraded a series of crimes from felonies to misdemeanors and Senate Bill 180 limits the ability of law enforcement to send chronic drug offenders back to prison.  So where do they go? DING DING DING  to the streets and the third-word style tent cities infesting our freeways, tunnels and interstates.  Guess who pays for that?  I am sick of funneling my hard-earned tax dollars into a state that sets aside $500 million for the homeless and still cant solve the problem!  The city of Los Angeles is allocated $85 million to build shelters, but so far the money has gone to just 11 projects and a grand total of 849 beds when those projects are completed.  According to California's nonpartisan Legislative Analysts Office, the state would need additional tens of billions a year to provide housing for the homeless.  And when we arent looking at tent cities, we are dodging needles and feces.  Enough is enough.  Gov. Gavin Newsom, maybe instead of showboating and recruiting future illegal immigrants in El Salvador like you did last month, you should come on back and deal with the problem.  Oh, and by deal with the problem, I dont mean add more taxes on top of the already high taxes us hardworking Californians already pay to take care of the homeless drug addicts.  CLICK HERE TO GET THE FOX NEWS APP  Folks, if youre sick of this too, STOP VOTING FOR DEMOCRATS!  Those are my First Thoughts. From LA, God bless and take care.  CLICK HERE TO READ MORE FROM TOMI LAHREN  Adapted from Tomi Lahren's Fox Nation monologue on May 2, 2019."
}
