{
  "domain": "foxnews.com",
  "theme": "DEMOCRACY",
  "headline": "Cory Booker gives pass to Ilhan Omar over anti - Semitic comments , says Trump language fuels terror in US",
  "date": "20190425T184500Z",
  "url": "https://www.foxnews.com/politics/cory-booker-ilhan-omar-trump-anti-semitic",
  "title": "Cory Booker gives pass to Ilhan Omar over anti-Semitic comments, says Trump's language fuels terror in US",
  "article": "Democratic presidential candidate Cory Booker gave a pass to Rep. Ilhan Omar and her history of controversial comments, ignoring his own partys condemnation, and instead said President Trumps criticism of her leads to right-wing terrorism in the country.  Sen. Booker on Wednesday appeared together with other 2020 Democratic candidates at the She The People Forum in Houston.  Shortly after taking the stage, the New Jersey senator was asked what is he going to do about Omar being the target of hate after her comments about the outsize influence of AIPAC in determining U.S. foreign policy and other flippant remarks prompted criticism both the House Democratic Leadership and from President Trump.  What will you do as president to protect the right of courageous women of color to criticize U.S. policy even when directed at allies? a woman asked Booker.  Without addressing his own partys critics of Omar, including a House resolution that condemned hate after her comments that were largely perceived as anti-Semitic, Booker unloaded solely on Trump.  The criticisms of Congresswoman Omar, what Donald Trump has been saying about her is reprehensible, it is trafficking in Islamophobia, and it should be condemned by everyone, he said. This kind of selective condemnation should be a chorus of people condemning it.  And more than this, the kind of language our president uses, especially about black women in power, the kind of language this President uses  it is toxic, he added.  REP. ILHAN OMAR GETS FIRST 2020 ENDORSEMENT FROM TOP-MONEYED PROGRESSIVE ADVOCACY GROUP  The Minnesota Democrat has been embroiled in a series of controversies since taking office in January. Earlier this month, Omar was accused of being flippant after referring to the September 11, 2001, terror attacks as some people did something.  In February, Omar drew bipartisan uproar after suggesting that politicians in the U.S. were bought by AIPAC, a non-partisan organization that seeks to foster the relationship between the U.S. and Israel.  Just weeks later, Omar reignited the controversy, this time saying that supporters of Israel were pushing for U.S. politicians to declare allegiance to that nation.  Yet Booker continued his answer reiterating that Trumps criticism of Omar fuels the kind of hate we see in our communities, manifesting itself in the kind of terrorism that has been most seen in our nation since 9/11.  Most of the terrorist attacks in our nation since 9/11 have been right-wing extremist attacks. The majority of those have been white supremacist attacks, he said to the crowds cheers.  And so when you have a president uttering such bigotry, and uttering such racist attacks, talking about nations where black and brown people have come from in this nation as sh--hole countries \u2026That is giving license to hate and to violence that we should not be tolerating, he continued.  So its not just important to be an ally. As one of our great black women has said in the past, its not enough just to say Im not a racist. We must, where racism exists, all be anti-racist, Booker concluded.  CLICK HERE TO GET THE FOX NEWS APP  Because if we are not dealing with this issue in our country, we will continue to see these kind of attacks and we will continue to see the kind of vicious violence that has been affecting our nation from black churches to synagogues to Muslim mosques as well."
}
