{
  "domain": "foxnews.com",
  "theme": "UNGP_HEALTHCARE",
  "headline": "Cruise ship quarantined over measles case returns to Curacao",
  "date": "20190504T153000Z",
  "url": "https://www.foxnews.com/travel/cruise-ship-quarantined-measles-curacao",
  "title": "Cruise ship quarantined over measles case returns to Curacao",
  "article": "Authorities in Curacao announced on May 3 they will quarantine a ship with 300 people aboard that is heading to the Dutch Caribbean island after they were banned from disembarking in nearby St. Lucia because of a confirmed case of measles.  Health officials said they will board the ship when it arrives early Saturday and assess who has been vaccinated or had the disease previously. They said proof is required, and that people who do not comply will be vaccinated immediately.  The 440-foot Freewinds ship is reportedly owned by the Church of Scientology and is normally docked in Curacao when not in use. Church officials have not returned messages for comment.  ROYAL CARIBBEAN 'TEMPORARILY' CLOSES TRAMPOLINE ATTRACTION AT THE CENTER OF $10 MILLION INJURY LAWSUIT  The ship left St. Lucia late Thursday after spending two days under quarantine. Authorities there said the ship's doctor requested 100 vaccines after a female crew member was diagnosed with measles.  St. Lucia health officials told The Associated Press that the patient rejoined the group and left the eastern Caribbean island late Thursday.  Curacao epidemiologist Dr. Izzy Gerstenbluth said the female crew member was in Europe and arrived April 17 in Curacao. She then visited a doctor April 22 for cold symptoms. A blood sample was taken and sent to nearby Aruba, where officials confirmed it was measles on April 29, a day after the ship had departed for St. Lucia. Curacao health officials then alerted authorities in St. Lucia.  FOLLOW US ON FACEBOOK FOR MORE FOX LIFESTYLE NEWS  It was unclear what the crew member was doing in Europe.  Officials urged anyone who visited the ship from April 22-28 to get a medical checkup. Symptoms include runny nose, fever and a red-spotted rash. Most people recover, but measles can lead to pneumonia, brain swelling and even death in some cases.  Measles has sickened more than 700 people in 22 U.S. states this year, with federal officials saying the resurgence is driven by misinformation about vaccines.  CLICK HERE TO GET THE FOX NEWS APP  This story was originally published by the Associated Press."
}
