{
  "domain": "foxnews.com",
  "theme": "TAX_DISEASE_DISEASES",
  "headline": "Illinois dad and son charged in Michigan body parts probe",
  "date": "20190410T200000Z",
  "url": "https://www.foxnews.com/us/illinois-dad-and-son-charged-in-michigan-body-parts-probe",
  "title": "Illinois dad and son charged in Michigan body parts probe",
  "article": "An Illinois man and his son have been charged in Michigan in an investigation of diseased body parts used for research and education.  Federal prosecutors say researchers paid to use cadavers without knowing they had tested positive for infectious diseases. The latest charges are related to an investigation of a Detroit-area man who was sentenced last year to nine years in prison.  Donald Greene Sr. is charged with wire fraud. His son, Donald Greene II, is charged with knowing about the scheme but failing to report it. They were associated with Biological Resource Center of Rosemont, Illinois, which provided the remains to medical professionals for a fee.  The charges were filed last week as a criminal information, which means a guilty plea is expected. The names of lawyers representing the Greenes weren't immediately known."
}
