{
  "domain": "foxnews.com",
  "theme": "ELECTION",
  "headline": "Stephen Colbert , Jimmy Kimmel , Trevor Noah all make the same joke about Romney Twinkie cake",
  "date": "20190313T141500Z",
  "url": "https://www.foxnews.com/entertainment/stephen-colbert-jimmy-kimmel-trevor-noah-all-make-the-same-joke-about-romneys-twinkie-cake",
  "title": "Colbert, Kimmel, Noah all make same joke about Romney's 'whiter on the inside' Twinkie cake",
  "article": "Three prominent late-night hosts went after Sen. Mitt Romney, R-Utah, on Tuesday with similar jokes about his unusual birthday celebration.  Romney shared a video of his staffers celebrating his 72nd birthday with a cake made entirely of Twinkies, which is his favorite snack, but the video went viral because the senator blew out all the candidates one-by-one. He later told TMZ that he was getting over a cold.  THIS IS CNN? PRIMETIME SHOWS FILLED WITH LIBERAL OPINION, NOT STRAIGHT NEWS AS NETWORK CLAIMS  But that didnt stop Late Show host Stephen Colbert, Jimmy Kimmel Live host Jimmy Kimmel, and Daily Show host Trevor Noah from telling the same joke tweaking Romneys race in the process.  Colbert insisted that it was fitting that Romneys favorite snack was Twinkies because just like Twinkies, Mitt Romney doesnt age and is even whiter on the inside. He went on to compare Romney to an alien.  MITT ROMNEY CELEBRATES BIRTHDAY BY AWKWARDLY BLOWING OUT CANDLES ON 'TWINKIE' CAKE  Kimmel also compared the senator to an alien and told his audience that we learn more about Mitt Romney in this video than we did during the entire campaign in 2012.  Twinkies are really the perfect Mitt Romney snack because theyre white on the outside and even whiter on the inside, Kimmel quipped.  Noah had a similar line of jokes, except he compared Romney to a serial killer instead of an alien.  CLICK HERE TO GET THE FOX NEWS APP  Look, the cake is really cool and I do get why Romney likes Twinkies, theyre exactly like him; white on the outside, but somehow, even whiter on the inside, Noah joked."
}
