{
  "domain": "foxnews.com",
  "theme": "DEMOCRACY",
  "headline": "Mueller claims to have evidence Roger Stone communicated with WikiLeaks",
  "date": "20190216T010000Z",
  "url": "https://www.foxnews.com/politics/mueller-claims-to-have-evidence-roger-stone-communicated-with-wikileaks",
  "title": "Mueller claims to have evidence Roger Stone communicated with WikiLeaks",
  "article": "Special Counsel Robert Mueller on Friday claimed in a new court filing that prosecutors have evidence that former Trump adviser Roger Stone communicated with WikiLeaks, the organization that released hacked Democratic emails during the 2016 campaign.  Stone -- who was indicted last month on charges of obstruction, making false statements and witness tampering -- denied to Fox News that evidence of such communications exists.  There is no such evidence, Stone said in a text message.  In a Friday motion, Muellers team said that search warrants were executed on accounts that contained Stones communications with an organization widely believed to be WikiLeaks.  Last months indictment does not charge Stone with conspiring with WikiLeaks, the anti-secrecy website that published the emails, or with the Russian officers Mueller says hacked them. Instead, it accuses him of witness tampering, obstruction and false statements about his interactions related to WikiLeaks' release.  The indictment says Stone spoke to Trump campaign officials during the summer of 2016 about WikiLeaks and information the organization had that might be damaging to the Clinton campaign. It also says Stone was contacted by senior Trump campaign officials to inquire about future WikiLeaks releases of hacked Democratic emails.  Stone has pleaded not guilty to the charges.  Earlier Friday, Judge Amy Berman Jackson of the federal court for the District of Columbia instituted a partial gag order, ordering that Stone refrain from making statements to the media or in public settings that pose a substantial likelihood of material prejudice to this case.  Jackson further ordered that any participants in the case, including witnesses and counsel, refrain from making any statements to the media or public when they are near the courthouse that could influence any juror, potential juror, judge, witness or court officer or interfere with the administration of justice.  Fox News Eben Brown, Brooke Singman and Bill Mears and The Associated Press contributed to this report."
}
