{
  "domain": "foxnews.com",
  "theme": "IMMIGRATION",
  "headline": "Trump warns Mexico over guns drawn on US troops :  Better not happen again ! ",
  "date": "20190424T131500Z",
  "url": "https://www.foxnews.com/politics/trump-warns-mexico-after-guns-drawn-on-us-troops-better-not-happen-again",
  "title": "Trump warns Mexico over guns drawn on US troops: Better not happen again!",
  "article": "President Trump on Wednesday warned Mexico after their soldiers reportedly drew guns on U.S. troops at the border last week, while also calling on America's southern neighbor to do more to halt another north-bound migrant caravan.  Mexicos Soldiers recently pulled guns on our National Guard Soldiers, probably as a diversionary tactic for drug smugglers on the Border. Better not happen again! We are now sending ARMED SOLDIERS to the Border. Mexico is not doing nearly enough in apprehending & returning! he tweeted.  The presidents tweets come after several Mexican military personnel reportedly questioned U.S Army soldiers who were on patrol duty near the border in Texas. Mexican soldiers reportedly pointed their weapons at U.S. troops during the encounter. The Mexican soldiers reportedly believed that the U.S. Army soldiers were on Mexican territory.  TRUMP TELLS CHILD AT EASTER EGG ROLL: 'THE WALL IS BEING BUILT NOW'  The president of the National Border Patrol Council, Brandon Judd, said over the weekend that these things dont just happen by accident.  I dont know one Border Patrol agent that is going to accept that story that the Mexican military thought that these national guardsmen were in Mexico, Judd said on Fox & Friends. We have hundreds upon hundreds incursions by the Mexican military into the U.S., yet we have very few incursions by Border Patrol agents into Mexico.  Trump also warned Wednesday of a very big caravan and threatened, once again, to close part of the southern border.  A very big Caravan of over 20,000 people started up through Mexico. It has been reduced in size by Mexico but is still coming. Mexico must apprehend the remainder or we will be forced to close that section of the Border & call up the Military. The Coyotes & Cartels have weapons! the president tweeted early Wednesday.  Mexican immigration authorities are attempting to detain individuals who are part of the large caravan currently migrating north. On Monday, Mexican officials said 371 people were detained, in what was their largest single raid thus far on a migrant caravan since the groups started moving through the country last year.  Mexican President Andr\u00e9s Manuel L\u00f3pez Obrador said the government is not letting migrants go wherever they please, but said that controls are for migrants security because human traffickers are allegedly infiltrated among the caravans.  We dont want for them to just have free passage, not just out of legal concerns but for questions of safety, he said.  According to Mexican immigration authorities, Mexico has deported 11,800 migrants so far this month and is being more selective in who is given a visa, which allows a migrant to remain in the country and work.  VICE PRESIDENT PENCE: CONGRESS MUST ACT TO END THE CRISIS ON OUR BORDER  Trump has threatened for months to close the border if Mexico does not stop the flows of migrants, and if Congress does not act to end what he calls loopholes in immigration law that allow detained migrants to be released into the U.S. until a scheduled court date.  Earlier this month, Trump visited the border amid an escalating immigration crisis, lamenting that our country is full and warning potential migrants thinking about crossing into the U.S. that this country cant take you anymore.  Whether its asylum, whether its anything you want, its illegal immigration, cant take you anymore. Our country is full, our area is full, the sector is full, cant take you anymore. Im sorry, cant happen, so turn aroundthats the way it is, Trump said at a roundtable in Calexico, California earlier this month.  The president has warned of a full-fledged crisis at the border for months. This week, Customs and Border Protection (CBP) announced the total apprehensions at the border for 2019 surpassed the total apprehensions for 2018. CBP said that as of last week, Border Patrol had apprehended more than 418,000 migrants since the beginning of fiscal 2019. Along the southwest border, there have been more than 414,000 apprehensions so far this year, compared with 396,579 last fiscal year.  The border crisis comes amid a massive shakeup at the Department of Homeland Security. Earlier this month, DHS Secretary Kirstjen Nielsen resigned. The president appointed then-CBP Commissioner Kevin McAleenan to replace her as acting secretary.  McAleenan has appointed John Sanders to serve as acting CBP commissioner; former head of the Transportation Security Administration David Pekoske to be his acting deputy secretary at DHS; and Patricia Cogswell as acting TSA administrator. The White House, earlier this month, announced that James M. Murray would become head of the U.S. Secret Servicereplacing Randolph Tex Alles.  Fox News' Adam Shaw, Griff Jenkins, and The Associated Press contributed to this report."
}
