{
  "domain": "foxnews.com",
  "theme": "MEDIA_CENSORSHIP",
  "headline": "Serbia anti - government protesters surround state TV building",
  "date": "20190309T213000Z",
  "url": "https://www.foxnews.com/world/serbia-anti-government-protesters-surround-state-tv-building",
  "title": "Serbia anti-government protesters surround state TV building",
  "article": "Several thousand people have surrounded Serbia's state TV building during anti-government protests requesting more media freedom in the Balkan country.  The crowd booed and jeered for one hour Saturday outside the TV building in central Belgrade to express their discontent with what they say is the station's biased reporting.  The demonstrations in Serbia have lasted for three months, urging more democracy in the Balkan country that is firmly under control of the populist leader President Aleksandar Vucic.  The protests started last December after assailants beat up an opposition politician. Opponents have accused Vucic's government of fostering hate speech and divisions while curbing democratic freedoms.  Vucic has denied the accusations. He is a former extreme nationalist who now says he wants to lead Serbia into the European Union."
}
