{
  "domain": "foxnews.com",
  "theme": "UNGP_HEALTHCARE",
  "headline": "US embassy in Russia allowed to visit jailed investor Calvey",
  "date": "20190226T143000Z",
  "url": "https://www.foxnews.com/world/us-embassy-in-russia-allowed-to-visit-jailed-investor-calvey",
  "title": "US embassy in Russia allowed to visit jailed investor Calvey",
  "article": "The United States Embassy in Moscow says a representative has been allowed to visit the jailed fund manager Michael Calvey.  Embassy spokeswoman Andrea Kalan says on Twitter that today an Embassy representative met with Mr. Calvey to express our support for his well-being and offer the Embassy's assistance.  Kalan added Tuesday we take seriously our right to visit detained U.S. citizens regularly and ensure they receive humane treatment and access to medical care.  The embassy had previously complained that Russia was not allowing access to Calvey, who is spending his 12th day in detention over an alleged fraud. Four days is the typical limit to grant diplomatic access to U.S. detainees in Russia."
}
