{
  "domain": "foxnews.com",
  "theme": "DISCRIMINATION",
  "headline": "Kevin Costner is disappointed with American politics :  Shame on us  ",
  "date": "20190504T194500Z",
  "url": "https://www.foxnews.com/entertainment/kevin-costner-opinion-american-politics",
  "title": "Kevin Costner is disappointed with American politics: 'Shame on us'",
  "article": "Kevin Costner isn't afraid to let the world know how he feels.  The Oscar winner is using his platform to speak out about how he isn't happy with American politics. The star, 64, called the current political landscape unrecognizable.  Shame on us for being in that spot, Costner told Variety. That could change overnight, not because of a vote, but because people say, I want to try to be more than about myself. Thats the definition of public service.  KEVIN COSTNER SLAMS TRUMP'S BORDER IMMIGRATION POLICIES, SAYS HE'S 'NOT RECOGNIZING AMERICA RIGHT NOW'  The Bodyguard actor also admitted he's not sure if anything is changing soon.  This is the greatest experiment in humankind: America, he continued. This great idea about America still exists, its still here. People still want to come here, but were not first in hardly anything that matters and we have an inflated idea about how we are.  We exaggerate about what we are. We are everything thats great and we are everything thats human. And our humanness and our level of selfishness is overtaking our chance to be great, Costner said.  'YELLOWSTONE' STAR KEVIN COSTNER TALKS WESTERN DRAMA: 'I DIDNT THINK ABOUT IT POLITICALLY'  The director openly supported Barack Obama in 2008, but he's not yet saying who he's supporting in 2020, except if Michelle Obama were running.  Michelles incredibly bright and articulate and has possessed good judgment and experience as a result. Why couldnt she be [president]? he mused. Shed have a level of interest from me."
}
