{
  "domain": "foxnews.com",
  "theme": "EDUCATION",
  "headline": "Prince Harry reportedly asked by boy , 4 , when the  real Prince Harry  would arrive",
  "date": "20190321T213000Z",
  "url": "https://www.foxnews.com/entertainment/prince-harry-reportedly-asked-by-boy-4-when-the-real-prince-harry-was-coming",
  "title": "Prince Harry reportedly asked by boy, 4, when the real Prince Harry would arrive",
  "article": "He might have been standing in front of one of the worlds most recognized faces, but a 4-year-old boy was reportedly convinced Prince Harry was not who he claimed to be.  The Duke of Sussex, who is soon expecting his first child with wife and the Duchess of Sussex Meghan Markle, was visiting school children Wednesday at St. Vincent's Catholic Primary School in Acton, an area in London.  MEGHAN MARKLE'S FORMER CO-STAR REVEALS WHAT THE DUCHESS OF SUSSEX IS LIKE 'IN REAL LIFE'  As Harry approached one student -- 4-year-old Emmanuel Osei, according to People magazine -- the young boy reportedly asked: When is Prince Harry coming?  But Im Prince Harry, he replied, according to the publication, which cited a teaching assistant named Philomena Frattura.  When is the real Prince Harry coming? the boy said back.  Im the real Harry. Ive just had my hair cut for the occasion, Harry purportedly said in response.  Eventually, Emmanuel was convinced. The hold-up? The royal apparently didnt look the part.  They think a prince should have a crown, Diane Redmond, a learning mentor at the school, told People, which noted this isnt the first time Harry has had to convince a non-believer.  Every time I get to meet kids and they have been told a real-life prince is coming, the disappointment on their faces when they see me without a crown or a cape, Harry told the publication in 2016."
}
