{
  "domain": "foxnews.com",
  "theme": "IDEOLOGY",
  "headline": "Bernie Sanders defends Rep . Ilhan Omar , backs  legitimate criticism  of Israel",
  "date": "20190307T131500Z",
  "url": "https://www.foxnews.com/politics/bernie-sanders-defends-rep-ilhan-omar-backs-legitimate-criticism-of-israel",
  "title": "Bernie Sanders defends Rep. Ilhan Omar, backs 'legitimate criticism' of Israel",
  "article": "He might not officially be a Democrat, but that hasnt stopped Bernie Sanders from entering the party's growing fray over how to deal with Ilhan Omar.  Sanders came to the defense of Rep. Omar, D-Minn., on Wednesday amid growing pressure from within her party over a series of recent remarks that have been viewed by some as anti-Semitic.  Anti-Semitism is a hateful and dangerous ideology which must be vigorously opposed in the United States and around the world, the Independent Vermont senator said in a statement.  RANK-AND-FILE DEMS REVOLT AGAINST PELOSI OVER RESOLUTION TO CONDEMN ANTI-SEMITISM  We must not, however, equate anti-Semitism with legitimate criticism of the right-wing, Netanyahu government in Israel.  Rather, we must develop an even-handed Middle East policy which brings Israelis and Palestinians together for a lasting peace.  After that attack on Israeli Prime Minister Benjamin Netanyahu, the 77-year-old socialist - who is Jewish - then got to the crux of his Omar defense.  ILHAN OMAR 'KNOWS EXACTLY WHAT SHE IS DOING' WITH COMMENTS DEEMED ANTI-  What I fear is going on in the House now is an effort to target Congresswoman Omar as a way of stifling that debate\u2026Thats wrong, the statement read.  Sanders statement came as House Speaker Nancy Pelosi was taken aback by the growing dissent and anger among rank-and-file Democrats over a possible resolution to formally condemn anti-Semitism, a Democratic source told Fox News on Wednesday -- highlighting Pelosi's tenuous grip on control over the House and underscoring the growing power of the party's nascent far-left progressive wing.  Pelosi even reportedly walked out of a meeting Wednesday with Democrat House members, setting down her microphone and telling attendees, Well if you're not going to listen to me, Im done talking.  ILHAN OMAR SHOULD BE REMOVED FROM FOREIGN AFFAIRS COMMITTEE: AMERICAN ISLAMIC FORUM FOR DEMOCRACY PRESIDENT  The stalled resolution originated after freshman Democratic Rep. Ilhan Omar of Minnesota, for at least the second time in recent months, ignited an uproar for echoing tropes critics have deemed anti-Semitic.  In February, she suggested on Twitter that supporters of Israel have been bought. The congresswoman then accused American supporters of Israel of pushing people to have allegiance to a foreign country.  Omar -- who also tweeted in 2012 that Israel has hypnotized the world, may Allah awaken the people and help them see the evil doings of Israel -- refused to address questions on Wednesday about accusations that shes anti-Semitic.  REP. ALEXANDRIA OCASIO-CORTEZ SLAMS FELLOW DEMOCRATS AGAIN OVER 'RACIST AND FALSE' IMMIGRATION TROPES  Meanwhile, debate over how to address her latest remarks has overtaken House Democrats in recent days.  A frustrated senior House Democratic aide told Fox News on Tuesday: Here we are again, fighting with ourselves. I've spent another week dealing with this and not on policy.  A vote on the resolution, which was originally planned for earlier this week, did not appear on the House's official docket for Thursday.  CLICK HERE TO GET THE FOX NEWS APP  President Trump, turning to Twitter on Wednesday, highlighted Democrats' troubles getting the resolution passed. He wrote that their failure to take a stronger stand against anti-Semitism was shameful.  Fox News has been told that the Democratic caucus is trying to get the language of the proposed anti-Semitism language right, and that there is concern about mentioning Omar by name -- a non-starter for many members of the Congressional Black Caucus.  Two knowledgeable sources said such a scenario could increase security threats against Omar, who is a Muslim."
}
