{
  "domain": "foxnews.com",
  "theme": "ELECTION",
  "headline": "Washington Post fact - checks Hillary Clinton on voter - suppression claims",
  "date": "20190306T204500Z",
  "url": "https://www.foxnews.com/politics/washington-post-fact-checks-hillary-clinton-on-voter-suppression-claims",
  "title": "Washington Post fact-checks Hillary Clinton on voter-suppression claims",
  "article": "The Washington Post's fact-checker sharply critiqued former Secretary of State Hillary Clinton for her claims on Sunday concerning voter suppression in Wisconsin and Georgia in the 2016 presidential election.  Clinton made several factual errors, offered questionable claims about a couple of studies, and ended up giving a misleading assessment of her loss, Salvador Rizzo wrote in his column. The Post gave Clinton Four Pinocchios.  I was the first person who ran for president without the protection of the Voting Rights Act, and I will tell you, it makes a really big difference, Clinton said Sunday in Selma, Ala., commemorating Bloody Sunday. And it doesnt just make a difference in Alabama and Georgia; it made a difference in Wisconsin, where the best studies that have been done said somewhere between 40 [thousand] and 80,000 people were turned away from the polls because of the color of their skin, because of their age, because of whatever excuse could be made up to stop a fellow American citizen from voting.  Wrong on multiple levels, seriously misleading and worth a cumulative Four Pinocchios, the Post piece concluded.  Clinton also faulted the Supreme Court for voter turnout in 2016, some5hing The Post disputed.  Just think about it: Between 2012, the prior presidential election where we still had the Voting Rights Act, and 2016, when my name was on the ballot, there were fewer voters registered in Georgia than there had been those prior four years, Clinton told the audience.  The Post responded that Clintons claim that total voter registration declined in that state from 2012 to 2016 is false; it increased.  CLICK HERE TO GET THE FOX NEWS APP  Totally false. She forgot to show up -- now making up false and hurtful stories, President Trumps former chief of staff tweeted.  Clinton did not personally campaign in Wisconsin."
}
