{
  "domain": "foxnews.com",
  "theme": "DISCRIMINATION",
  "headline": "Cory Booker introduces Senate bill on slavery reparations",
  "date": "20190408T181500Z",
  "url": "https://www.foxnews.com/politics/booker-introduces-senate-bill-for-slavery-reparations",
  "title": "Cory Booker introduces Senate bill on slavery reparations",
  "article": "Sen. Cory Booker on Monday introduced a bill that would study the possibility of reparations for descendants of slaves, embracing a push that recently has caught the interest of fellow 2020 Democratic presidential candidates.  The senator from New Jersey said Monday that this bill is a way of addressing head-on the persistence of racism, white supremacy, and implicit racial bias in our country. It will bring together the best minds to study the issue and propose solutions that will finally begin to right the economic scales of past harms and make sure we are a country where all dignity and humanity is affirmed.  The measure is a Senate companion to a bill introduced in the House of Representatives in January by Rep. Sheila Jackson Lee of Texas, which if passed into law would set up a commission to study the impact of slavery and continued discrimination against black Americans and make recommendations on reparation proposals for the descendants of slaves. The legislation was first introduced 30 years ago by then-Rep. John Conyers of Michigan.  Since slavery in this country, we have had overt policies fueled by white supremacy and racism that have oppressed African-Americans economically for generations, Booker added. Many of our bedrock domestic policies that have ushered millions of Americans into the middle class have systematically excluded blacks through practices like GI Bill discrimination and redlining.  Besides Booker, the idea of slavery reparations for black Americans is at least partially backed by at least eight other Democratic presidential contenders. They are Sen. Kamala Harris of California; Sen. Elizabeth Warren of Massachusetts; Sen. Bernie Sanders of Vermont; former San Antonio Mayor Julian Castro, who served as housing secretary under President Barack Obama; South Bend, Indiana Mayor Pete Buttigieg; former Rep. Beto ORourke of Texas; Rep. Tulsi Gabbard of Hawaii; and businessman and entrepreneur Andrew Yang.  Several of them were asked specifically about Jackson Lee's reparations bill during a conference last week of Al Sharpton's National Action Network.  The push by the Democratic White House hopefuls points to the further importance of race and identity issues within the party. Yet while supporters say reparations are needed to address slavery and racist aspects of American history, critics claim such a move could cost several trillion dollars without solving the issue of racism."
}
