{
  "domain": "foxnews.com",
  "theme": "DISCRIMINATION",
  "headline": "Kevin Hart talks Oscars hosting scandal , alarming push to  destroy  controversial comedians",
  "date": "20190409T133000Z",
  "url": "https://www.foxnews.com/entertainment/kevin-hart-talks-oscars-hosting-controversy-alarming-push-to-destroy-controversial-comedians",
  "title": "Kevin Hart talks Oscars hosting scandal, alarming push to 'destroy' controversial comedians",
  "article": "Comedian Kevin Hart reflected on his past Oscars hosting scandal while lamenting the current culture to destroy controversial comedians rather than to simply not support them.  Hart was at the center of a major controversy in December when he backed out of hosting the 91st Academy Awards after his old social media posts that were homophobic resurfaced. He apologized soon after and stepped down as host.  In a recent interview on Joe Rogans podcast, Hart explained that the hardest part of the whole situation was not being able to explain to the many people that asked him why he dabbled in such controversial material.  They kept trying to look for this hard definition of why. And its like, I dont have it. I dont have the reason why. I thought it would be funny and it wasnt. Thats the downfall. Thats it, he told Rogan.  Hart went on to say that hes a comedian that made the conscious choice to be sensitive to the times, arguing that there are many comedians that would have doubled down on their bad jokes rather than step aside.  Hart says his conclusion from the Oscars debacle is that audiences are moving to a culture of trying to destroy the careers of comedians that they have the influence to drag through the court of public opinion.  I think its easier to just say Im not a fan. That comedy isnt for me, Hart said. You know what, I dont like the taste of this particular comedian, so Im not going to support or watch that comedian. Im going to find another comedian thats more to my liking. Im going to go and just turn my head. I want us to get back to understanding that you just dont have to support it. Thats it.  Hart concluded: I dont understand why theres a push to destroy when you just dont have to support or like.  The 39-year-old comedians posts resurfaced shortly after he announced himself as the 2019 Oscars host.  Stop searching for reasons to be angry.... I swear I wish you guys could see/feel/understand the mental place that I am in, Hart captioned a response video at the time. I am truly happy people ... there is nothing that you can do to change that ... NOTHING. I work hard on a daily basis to spread positivity to all ... with that being said. If u want to search my history or past and anger yourselves with what u find that is fine with me.  Despite an initial attempt to downplay the controversy, the comedian announced just two days later that he was stepping down as the host.  CLICK HERE TO GET THE FOX NEWS APP  I have made the choice to step down from hosting this year's Oscar's....this is because I do not want to be a distraction on a night that should be celebrated by so many amazing talented artists. I sincerely apologize to the LGBTQ community for my insensitive words from my past, he tweeted at the time."
}
