{
  "domain": "foxnews.com",
  "theme": "BULLYING",
  "headline": "St . Louis prosecutor says warrant seeks to intimidate her",
  "date": "20190313T214500Z",
  "url": "https://www.foxnews.com/us/st-louis-prosecutor-says-warrant-seeks-to-intimidate-her",
  "title": "St. Louis prosecutor says warrant seeks to intimidate her",
  "article": "The St. Louis prosecutor's ongoing feud with others in the city's legal establishment escalated Wednesday when she accused a judge, the police and a special prosecutor of trying to intimidate and embarrass her.  The latest dust-up between Circuit Attorney Kim Gardner and the St. Louis Metropolitan Police Department is over a warrant to search her office's electronic records related to a perjury investigation of William Tisaby. Gardner hired the former FBI agent last year to investigate then-Gov. Eric Greitens.  Circuit Judge Michael Mullen on Tuesday ordered Gardner to comply with the search warrant. She immediately appealed, but before a state appeals court could rule, police and an attorney for the special prosecutor appointed to oversee the Tisaby case went to her office and removed an email server.  The appeals court later Tuesday issued a preliminary order halting execution of the search warrant. The email server was returned about an hour after it was taken.  Gardner told The Associated Press by phone that the whole process was a personal attack on her.  It's to embarrass, it's to harass, Gardner said. That's all this is about. Nothing else. It's not about the law.  But, she added: I will not be bullied. I will not be intimidated. I'm not scared to do what's right.  Email and phone messages on Wednesday seeking comment from Special Prosecutor Gerard Carmody and police were not immediately returned. Mullen, through a court spokesman, declined comment.  Gardner, who was elected in 2016, has long had a testy relationship with the police department.  In January 2018, she took the unusual step of hiring Tisaby to investigate allegations that Greitens took an unauthorized partially nude photo of a woman with whom he had an affair in 2015, a year before he was elected. She said at the time that police refused to investigate the governor; police said they were never asked.  Greitens was indicted in February 2018 on felony invasion of privacy. The charge was dropped in May but Greitens, who was also under investigation over other concerns, resigned in June .  Gardner's handling of the Greitens case drew strong criticism from his attorneys, who asked police to investigate whether Tisaby lied under oath as part of a deposition of the woman involved in the affair. In June, Mullen appointed Carmody as special prosecutor to oversee that investigation.  Gardner and police butted heads again last year when she developed an exclusion list of 28 officers who won't be permitted as primary witnesses in criminal cases. She cited credibility concerns but didn't say specifically what prompted the list.  In January, Gardner's criticism of how police investigated a male officer's alleged Russian roulette-style fatal shooting of a female colleague drew an angry rebuke from Police Chief John Hayden .  Gardner had questioned whether police tried to block drug and alcohol testing of officer Nathaniel Hendren and his partner after the shooting of Katlyn Alix, an allegation Hayden called unwarranted and irresponsible.  Hendren was charged with involuntary manslaughter and armed criminal action."
}
