{
  "domain": "foxnews.com",
  "theme": "FREESPEECH",
  "headline": "Rep . Andy Biggs : House Democrat weak , watered - down hate resolution deserved defeat",
  "date": "20190308T203000Z",
  "url": "https://www.foxnews.com/opinion/rep-andy-biggs-house-democrats-weak-watered-down-hate-resolution-deserved-defeat",
  "title": "Rep. Andy Biggs: House Democrats' weak, watered-down hate resolution deserved defeat",
  "article": "This week, House Democrats had an opportunity to emphasize their condemnation of anti-Semitism. Instead, they chose to obscure the bigotry of one of their own by issuing a blas\u00e9 statement that weakly disapproves of hate for almost everyone.  Their tepid response reveals that the Democrats are no longer a center-left party, but one that is radically beholden to the left. So long, Speaker Pelosi; we barely knew ya.  One of the oldest anti-Semitic attacks equates Jewish people with money  that government and money are controlled by them. Another bigoted statement accuses them of dual loyalty  they cant be good neighbors; they cant be good citizens; their loyalty is questioned. This is anti-Semitism at its worst.  I'M A MUSLIM WHO'S ANGRY AT DEMS' FAILURE TO CONDEMN ANTI-SEMITE OMAR  THEY BETRAYED LOYAL JEWISH SUPPORTERS  Since the beginning of this session of Congress in January, a new congresswoman, Ilhan Omar, D-Minn., has made not just one or two offensive, anti-Semitic statements, but three. Once may be thoughtless or careless. Twice is concerning. A third offense proves a pattern that indicates a deep-seated set of values. Those values, in this case, are anti-Semitic.  Democrat leadership went AWOL, leaving a vacuum of direction, allowing the most extreme members of their conference to craft a resolution that failed to mention the culprit for her most blatant of anti-Semitic sentiments.  As if the congresswoman was incapable of understanding that her remarks were highly offensive, Speaker Pelosi said that Omar did not understand the full weight of the words. Wow! Im not sure that Speaker Pelosi even believes that.  Majority Leader Steny Hoyer said that neither side should get too high and mighty because there is imperfection on both sides of the aisle. True. And in this case, the bigotry came from Rep. Omar, but the Democrats are protecting her from the consequences of her anti-Semitism.  Everyone acknowledges that we have faults and flaws on both sides, but that fact should not prevent the Democrats from strongly condemning the anti-Semitic bigotry of one of their own.  The Washington Post reported that Majority Whip Jim Clyburn said the experience of Rep. Omar is more personal than that of the children of people who have survived the Holocaust and other atrocities. Can you imagine him saying that about any Republican who had uttered anti-Semitic statements on a regular basis?  Rather than removing Rep. Omar from her post on the important House Foreign Affairs Committee, the Democrats have excused her prejudices. Speaker Pelosi even appeared with her on the cover of Rolling Stone magazine.  Another freshman, Rep. Rashida Tlaib, D-Mich., has defended Omar as a civil rights crusader who is legitimately calling into question U.S.-Israel policies. The problem is that Rep. Omar hasnt mentioned those policies in making her hackneyed anti-Semitic statements. If she were attacking policies instead of the Jewish people, there wouldnt be this firestorm.  A part of me says that, in the end, her voters chose an anti-Semite for their representative, and they will have an opportunity to cast their ballots for someone else in 2020. But in the meantime, her frequent attacks of the Jewish people will cause pain.  CLICK HERE TO GET THE FOX NEWS APP  A bigot who claims free speech must also accept the responsibility for that speech. Democratic leaders and members who have chosen to support Rep. Omar instead of disapprobation and discipline  such as removal from committee assignments and withholding congressional travel to international destinations  have utterly failed to show America that Congress will fight anti-Semitism.  CLICK HERE TO READ MORE BY REP. ANDY BIGGS"
}
