{
  "domain": "foxnews.com",
  "theme": "TAX_FNCACT_VICE_PRESIDENT",
  "headline": "New NRA president targets Dem Rep . Lucy McBath , says gun lobby will back anyone running against her",
  "date": "20190501T103000Z",
  "url": "https://www.foxnews.com/politics/new-nra-president-targets-rep-lucy-mcbath-says-anyone-running-against-her-will-get-groups-endorsement",
  "title": "New NRA president targets Dem Rep. Lucy McBath, says gun lobby will back anyone running against her",
  "article": "The newly elected president of the National Rifle Association (NRA) pledges to endorse any candidate who opposes the gun-control policies of U.S. Rep. Lucy McBath, D-Ga.  Carolyn Meadows became president of the NRA after internal turmoil led to the resignation of Oliver North following accusations that he tried to pressure executive vice president Wayne LaPierre into resigning amid his criticism of the direction the NRA was taking.  NRA PRESIDENT SAYS HE WON'T SERVE SECOND TERM AMID TURMOIL IN GUN RIGHTS GROUP  But Meadows says shes wont dwell too much on the internal problems of the organization and is instead ready to help the group fight off Democrats supporting strict gun control.  Her first target: McBath, a 58-year-old Illinois native who won in Georgia's 6th Congressional District in the 2018 midterm elections after running on a gun control platform after her son was fatally shot. McBath represents Atlanta's northern suburbs, where Meadows lives.  Whoever (runs against McBath) will get an endorsement from the NRA, Meadows said after arriving home to Georgia following the NRA convention in Indianapolis, the Atlanta Journal-Constitution reported.  TRUMP SAYS NRA UNDER SIEGE BY DEM OFFICIALS WHO WANT TO DESTROY IT  On the issue of internal turmoil at the organization, she was guarded, saying all organizations have their issues. We are not looking backward. We have 2020 coming up, she added, in reference to the next presidential election, where virtually all Democratic candidates see tighter gun control as part of their agenda.  Meadows has previously served as a Georgia representative on the Republican National Committee and was a staffer for multiple statewide campaigns.  I can be tough as nails, and some of them call me Margaret Thatcher, which I thank them for, she told the newspaper.  McBath, meanwhile, has been making noise in Congress since taking office in January, co-sponsoring and advocating for measures that introduce tighter gun control.  CLICK HERE TO GET THE FOX NEWS APP  Yet despite the pledge from Meadows to throw the full weight of the NRA behind the opponent of McBath, the Georgia Democrat says it wont make a difference.  Well, theyve all gotten NRA backing in the past, so its no different, she told the outlet."
}
