{
  "domain": "foxnews.com",
  "theme": "MOVEMENT_SOCIAL",
  "headline": "Gillette new campaign focuses on military service members transition into civilian life",
  "date": "20190306T221500Z",
  "url": "https://www.foxnews.com/lifestyle/gillettes-every-hero-sweats-some-never-show-it-campaign-focuses-on-military-service-members-transition-to-civilian-life",
  "title": "Gillettes new campaign focuses on military service members transition into civilian life",
  "article": "Gillette is celebrating military service members and veterans in its Every Hero Sweats, Some Never Show It ad campaign to spotlight the lesser-known challenges many face once they transition to civilian life.  In a short film, the deodorant brand highlighted the commitment of service members to the military and their families but also shared many obstacles they face when they retire or enter the private sector.  Gillette wants to celebrate the everyday heroes who persevere through that transition all while balancing the everyday demands of their job, family life, and any number of additional challenges they face, the company said in a press release.  Gillette has teamed up with the nonprofit Operation Homefront to donate an estimated $2.5 million worth of products to military families.  CLICK HERE TO GET THE FOX NEWS APP  The campaign comes weeks after Gillette received widespread criticism for its We Believe ad aimed at combating toxic masculinity. Critics argued the commercial assumed misogyny is rampant among Gillettes customer base and that it was using a social movement to sell razors."
}
