{
  "domain": "foxnews.com",
  "theme": "PUBLIC_TRANSPORT",
  "headline": "Good Samaritans rescue blind man who tumbled onto Washington Metro tracks",
  "date": "20190414T171500Z",
  "url": "https://www.foxnews.com/us/good-samaritans-rescue-blind-man-who-tumbled-onto-washington-metro-tracks",
  "title": "Good Samaritans rescue blind man who tumbled onto Washington Metro tracks",
  "article": "A group of Good Samaritans came to the rescue of a blind man who fell onto the tracks of the Washington Metro last week in Maryland.  The incident happened Tuesday around 8 a.m. at the Medical Center Station in Bethesda, located just outside the nation's capital.  Surveillance video shows the moment the man walks along the platform with a white cane before falling onto the tracks below.  SUV CAREENS INTO CALIFORNIA GYM, INJURES MAN ON TREADMILL IN SHOCKING VIDEO  Bethesda resident Brendan Cawley told ABC7 he then jumped into action and tried to pull the man out, but realized he couldn't do it alone.  Two other men can be seen running down the platform to help lift the man.  I said, 'We need to get him up now!' Cawley told ABC7. And we did.  POLICE: MAN HIDING IN BATHROOM AFTER WRECK CHARGED WITH DUI  The men were able to get the man up onto the platform as the headlights from an oncoming train are seen down the tunnel.  Metro officials told WRC-TV the man was taken to the hospital with non-life threatening injuries  CLICK HERE FOR THE FOX NEWS APP  Cawley told ABC7 he was just glad to be where he was at the time to help save the man's life.  I just knew it was something that I needed to do, he said."
}
