{
  "domain": "foxnews.com",
  "theme": "IDEOLOGY",
  "headline": "Cal Thomas : Socialism appeals to kids who think our government a giant ATM  Who will tell them the truth ? ",
  "date": "20190314T114500Z",
  "url": "https://www.foxnews.com/opinion/cal-thomas-socialism-appeals-to-kids-who-think-our-governments-a-giant-atm-who-will-tell-them-the-truth",
  "title": "Cal Thomas: Socialism appeals to kids who think our governments a giant ATM  Who will tell them the truth?",
  "article": "One of the rotten fruits produced by what passes for todays American education system is the ignorance some young people have about socialism.  According to a new Harris Poll given exclusively to Axios, the news and information website, Generation Z (comprised of those born in 1995 or later), has a more positive view of the word socialism than previous generations, and  along with millennials  is more likely to embrace socialistic policies and principles than past generations.  This ignorance is a direct threat to the future of the country, because, according to Bloomberg research, Gen-Z will surpass millennials in 2019 as the most populous generation, comprising roughly 32 percent of the population.  SOCIALISTS DONT REALLY BELIEVE IN THE SOCIALISM THEY PEDDLE  THEY LOVE MONEY, AMAZON, MANSIONS AND CARS  For young people who werent alive during the Cold War and the horrors that came from socialism and its evil twin, communism, the notion that they can get free stuff from the government is addictive. Having sacrificed little for their country (members of the military excluded), too many young people have bought into the idea that rich people and big corporations are evil because they have stolen money from others, especially the poor.  According to Mark J. Perry, Ph.D., a professor of economics and finance at the University of Michigans Flint campus, and a scholar at American Enterprise Institute (AEI), a conservative think tank based in Washington, D.C., socialism fails because its a flawed system based on completely faulty principles that arent consistent with human behavior and cant nurture the human spirit.  Accurate polling results depend on how a question is asked, as well as a persons level of understanding of the subject. AEI research reveals that while a majority of younger people like the idea of Medicare-for-all  just one of the issues they say is important to them  that support turns to opposition if people would have to pay more in taxes, if private health insurance were eliminated, if it threatened the current Medicare program, or if it led to delays in medical tests or treatment.  All of these outcomes are likely if socialism replaces capitalism.  Ironically, one of the top issues for Generation Z is the national debt, now at $22 trillion. Have young people considered that socialist programs will significantly add to the debt? Apparently not, because to them, it seems that feelings are more important than observable results.  Socialist policies, in one form or another, are part of the platforms of some of the announced Democratic presidential candidates, especially Democratic socialist Sen. Bernie Sanders, D-Vt., Vermont was once a conservative state but now appears to be occupied by left-leaning radicals. Retreating fast into history is the notion we cant afford it, an economic mantra accepted and taught to children by a previous and experienced generation that believed in living within ones means.  The rapid demise of socialist Venezuela has apparently had little impact on younger Americans who think the U.S. government is a large ATM and all they need do is insert a card and money will slide out. How unaware young people are about the effects of socialism was revealed early on by Jake Tapper of CNN when he noted that even left-leaning organizations have calculated that the proposals of Rep. Alexandria Ocasio-Cortez, D-N.Y., would cost $40 trillion. When he interviewed her during the 2016 campaign, Tapper said that since her proposed tax increases would raise just $2 trillion, how would the then-candidate make up the difference? She launched into a non-answer answer. Watch it and weep for the nation, if she has her way.  CLICK HERE TO GET THE FOX NEWS APP  Ronald Reagan said: Freedom is never more than one generation away from extinction. We didnt pass it to our children in the bloodstream. It must be fought for, protected, and handed on for them to do the same.  Will this be the generation that fulfills his prophecy? Much is riding on the 2020 election.  CLICK HERE TO READ MORE FROM CAL THOMAS"
}
