{
  "domain": "foxnews.com",
  "theme": "CORRUPTION",
  "headline": "Felicity Huffman could avoid jail time in college admissions scandal : report",
  "date": "20190421T083000Z",
  "url": "https://www.foxnews.com/entertainment/felicity-huffman-could-avoid-jail-time-in-college-admissions-scandal-report",
  "title": "Felicity Huffman could avoid jail time in college admissions scandal: report",
  "article": "Felicity Huffman's remorse, lack of criminal history and the relatively lower amount she bribed a Harvard graduate could help her avoid jail time in the college admissions scandal, according to a report. She was also one of the first parents ensnared in the scandal to announce she would plead guilty.  Huffman allegedly paid a Harvard graduate $15,000 to correct her daughters SAT, giving her a 400-point boost from an earlier test. Some of the parents charged in the scandal allegedly paid as much as $500,000 to get their kids into elite schools, the Los Angeles Times reported.  FELICITY HUFFMAN RETURNS TO THE SCREEN AMID COLLEGE SCANDAL IN NETFLIX SERIES BASED ON CENTRAL PARK FIVE  Under 2019 federal sentencing guidelines, Huffman could face four to 10 months, a defense attorney told the Times. Since her recommended sentence is on the lower end, she could end up serving her sentence at home while wearing an ankle monitor.  She will also likely have one year of probation, her daughters test score will be adjusted and she will reportedly have to forfeit the $15,000 and pay a $20,000 fine, USA Today reported.  CLICK HERE TO GET THE FOX NEWS APP  I am in full acceptance of my guilt, and with deep regret and shame over what I have done, I accept full responsibility for my actions and will accept the consequences that stem from those actions, Huffman said in a statement obtained by Fox earlier this month.  Huffman is reportedly due back in court on May 21."
}
