{
  "domain": "foxnews.com",
  "theme": "PROPAGANDA",
  "headline": "  LGBT  sandwich causes controversy :  Using an entire community for publicity and profit  ",
  "date": "20190506T141500Z",
  "url": "https://www.foxnews.com/food-drink/marks-spencer-lgbt-sandwich-controversy",
  "title": "'LGBT' sandwich causes controversy: 'Using an entire community for publicity and profit'",
  "article": "A U.K. retail chain is getting roasted on social media over a controversial sandwich.  In celebration of Pride festivities in the U.K., Marks and Spencer recently began offering its LGBT sandwich  a guacamole-inclusive twist on a BLT  complete with packaging decorated with the colors of the rainbow flag.  WHOLE FOODS TO RELEASE 'ROYAL ADDITION CHEESE' UPON ROYAL BABY'S BIRTH  But despite praise from some within the LGBTQI+ communities, the item raised more than a few eyebrows on Twitter, with some accusing the retailer of marginalizing the community and culture.  Shame on the good folks over at @marksandspencer for turning our culture and identity into a sandwich, one woman wrote. Making an absolute mockery of lgbtq people, she added.  I identify as #lesbian @marksandspencer[,] not a f---ing lettuce, wrote another critic. Why dont you make an ethnic minority or disability sandwich while youre at it!!  BRITISH SUPERMARKET CHANGES NAME OF 'GENTLEMAN'S' SANDWICH AFTER BACKLASH  Others, meanwhile, likened Marks and Spencers marketing move as propaganda or an attempt to profit off the LGBTQ community.  Good Morning Britain host Piers Morgan also called the idea truly pathetic on Twitter, writing, Is there no cynical virtue-signalling depth struggling companies wont now plunge to make a profit?  FOLLOW US ON FACEBOOK FOR MORE FOX LIFESTYLE NEWS  A representative for Marks and Spencer did not comment on the response to its sandwiches, but the retailer has released a statement detailing the charitable contributions Marks and Spencer is making in honor of Pride.  M&S has an amazing LGBTQ+ colleague network and with them well be celebrating Pride 2019. For the second year running, we have created a sandwich as part of the celebrations and have received great feedback from both colleagues and customers, a spokesperson confirmed in a statement obtained by Fox News.  Alongside this, were also donating \u00a310,000 to [The Albert Kennedy Trust,] the national LGBTQ+ Youth Homelessness charity.  A statement obtained by The Sun also confirmed the chain would be donating 1,000 Euro to BeLonG To Youth Services, a charity supporting LGBTQ youth in Ireland.  CLICK HERE TO GET THE FOX NEWS APP  Despite the controversy, the sandwich has its supporters within the LGBTQ community.  Its a shame I cant eat the M&S #LGBTSandwich but Im really glad such a famous corporate company is on our side, one wrote.  Yes it's just a sandwich, but it goes a long way to [normalizing] being LGBT doesn't it? Seeing something that supports you on every shelf in a massive shop. no? added another.  They do loads for LGBT communities internally within their business and through external support including the funds this raises... easy to [criticize] brands for rainbow washing but by god Id have f---ing killed for my mum to have to see an LGBT sandwich when I was growing up, another user added."
}
