{
  "domain": "foxnews.com",
  "theme": "PUBLIC_TRANSPORT",
  "headline": "Guatemalan girl , 7 , who died at US border had a bacterial infection , autopsy finds",
  "date": "20190330T021500Z",
  "url": "https://www.foxnews.com/us/guatemalan-girl-7-who-died-at-us-border-had-a-bacterial-infection-autopsy-finds",
  "title": "Guatemalan girl, 7, who died at US border had a bacterial infection, autopsy finds",
  "article": "A 7-year-old Guatemalan girl who died last year while in U.S. Border Patrol custody passed away after having contracted a bacterial infection, according to her autopsy results released.  The report into Jakelin Caal Maquins Dec. 8 death showed evidence of streptococcus bacteria in several of her organs and her adrenal gland, The Associated Press reported Friday. The infection ultimately triggered organ failure, the outlet said.  The autopsy was conducted by the El Paso County Medical Examiners office.  FLASHBACK: BODY OF GUATEMALAN GIRL WHO DIED AT US BORDER RETURNED TO HOME COUNTRY  The girl was one of two children who died while in Border Patrol custody in December. The second was an 8-year-old Guatemalan boy named Felipe Gomez Alonzo.  Jakelin was apprehended with her father in a group of migrants in New Mexico on Dec. 6, U.S. Customs and Border Protection said after her death. Her father signed an English-language form saying that his daughter was in good health, but its unclear if he understood what the document said.  The pair got on a bus early the next morning that was headed toward the Lordsburg station. But prior to its 5 a.m. departure, the man said his daughter was throwing up, CBP said.  CLICK HERE TO GET THE FOX NEWS APP  The childs temperature reportedly hit 105.7 degrees Fahrenheit by the time the bus reached its destination roughly an hour-and-a-half later, CBP said. An emergency medical technician reportedly had to revive her.  She was flown to a hospital in El Paso, Texas, where she died the next day.  Fox News Samuel Chamberlain and The Associated Press contributed to this report."
}
