{
  "domain": "foxnews.com",
  "theme": "REFUGEES",
  "headline": "Russia says it will evacuate Syria refugee camp , blaming US",
  "date": "20190227T121500Z",
  "url": "https://www.foxnews.com/world/russia-says-it-will-evacuate-syria-refugee-camp-blaming-us",
  "title": "Russia says it will evacuate Syria refugee camp, blaming US",
  "article": "Russian officials say they are organizing an evacuation from a refugee camp in southern Syria where tens of thousands suffer from lack of food and medical supplies.  Russia's taskforce for the return of refugees said Wednesday that Russian troops together with the Syrian government are preparing to arrange an evacuation from the Rukban camp on March 1. Russia has blamed the United States of failing to provide adequate living conditions in the camp which is home to about 40,000 people. Food and medicine deliveries to the camp have often failed due to poor security.  Russian officials earlier this month set up temporary accommodation centers for refugees in the camp and encouraged its residents to leave while blaming the U.S. for trying to keep the people there against their will."
}
