{
  "domain": "foxnews.com",
  "theme": "UNEMPLOYMENT",
  "headline": "Isaiah Washington thanks Trump for First Step Act , criticizes Barack Obama for not supporting  Black Agenda  ",
  "date": "20190402T143000Z",
  "url": "https://www.foxnews.com/entertainment/isaiah-washington-praises-donald-trump-criticizes-barack-obama-over-the-black-agenda",
  "title": "Isaiah Washington thanks Trump for First Step Act, criticizes Barack Obama for not supporting 'Black Agenda'",
  "article": "Actor Isaiah Washington tweeted his thanks for President Trump's support of the First Step Act while he also criticized former President Obama for his lack of action regarding the Black Agenda.  Washington tweeted on Monday his praise for Trump and the passing of the First Step Act, which is dedicated to criminal justice reform and prisoner rehabilitation. The actor was invited to D.C. to celebrate the legislation and hear calls for more reform, which he says Trump's predecessor never did.  I voted for 44 twice. I even checked my emails in his Senate Office while lobbying for Salone to be given another chance to rebrand, the former Greys Anatomy star wrote. Not once in 8 years was I given any support regarding Africa or the Black Agenda, but 45 invites me to the WH to celebrate the #FirstStepAct.  In follow-up tweets, Washington noted that the bill is the first step to end mass incarceration and called for Trump to deliver reparations in 2020.  The First Step Act, which was passed by Congress last year, gives judges more discretion when sentencing some drug offenders and boosts prisoner rehabilitation efforts. The effort drew strong support from Republicans and Democrats, as both sides have expressed worry that mandatory minimum laws have generated unfair sentences in many drug-related cases.  'DADDY WON,' ALEC BALDWIN'S TRUMP BOASTS IN FIRST 'SNL' SINCE END OF MUELLER PROBE  Trump said Americans with criminal backgrounds are unemployed at rates up to five times the national average, which stood at 3.8 percent in February.  Washington followed up his initial tweets about going to the White House with a series of photos alongside prominent men and women who he says worked to get the First Step Act passed.  MARK HAMILL SLAMS REPUBLICAN SENATOR FOR USING LUKE SKYWALKER IMAGE TO MOCK GREEN NEW DEAL  Those who know, know that Im not a Democrat or a Republican. I will work w/h anyone as long as things get done. The #FirstStepAct was passed on December 21, 2018 w/h the hard work of @JessyMichele @LouislReed @VanJones68 and @cut_50 Im proud to stand with them all today, Washington wrote.  Washington also shared a handful of videos from inside the East Room where the president and vice president spoke with former prisoners who have been helped through the First Step Act.  Trump said a Second Step Act will focus on successful re-entry and reduced unemployment for Americans with past criminal records. His goal is to cut that unemployment rate for ex-prisoners to single digits within five years.  CLICK HERE TO GET THE FOX NEWS APP  The president was short on details about what future legislation would include, but the White House said Trump's budget for the next fiscal year proposes more than $500 million to help prisoners succeed after their release.  The Associated Press contributed to this report."
}
