{
  "domain": "foxnews.com",
  "theme": "EXTREMISM",
  "headline": "Gutfeld on the Democrat problem with condemning hate",
  "date": "20190308T030000Z",
  "url": "https://www.foxnews.com/opinion/gutfeld-on-the-democrats-problem-with-condemning-hate",
  "title": "Gutfeld on the Democrats' problem with condemning hate",
  "article": "So while you were at work, what were the Dems up to? Arguing over whether they should condemn anti-Semitism. What a strange place to be: debating how to condemn hate.  Yet for weeks they've been dancing around the repeated anti-Semitism of Rep. Ilhan Omar, D-Minn. House Speaker Nancy Pelosi, D-Calif.  miscast as the adult in this comedy  pushed a resolution condemning the slurs. But bowing to the hard-left newbies, shes dancing again.  So they revamped and passed the whole thing  not mentioning Omar by name  but including many groups of persecuted people. This is how far the Dems have fallen. They cant even agree to remind people that they don't hate the Jews!  But here's my favorite argument against the resolution: that condemning hate puts the hater in danger!  Sen. Kamala Harris of California, who wants to be the Democratic nominee for president, says: Im concerned that the spotlight being put on Congresswoman Omar may put her at risk.  Sorry, senator. The spotlight is what Omar craves. The spotlight is the whole point.  Besides, when the Jussie Smollett hoax took off, did anyone worry about putting Trump supporters in danger? When people said red hats were racist, did anyone care that it put targets on innocent heads? Did anyone care when actual harm was done?  These are trick questions, because the answer is obvious: Nah.  CLICK HERE TO GET THE FOX NEWS APP  So a radical leftist dog-whistles away about Jews  and the fear is criticism of anti-Semitism might put her in harms way.  I wonder how the 100,000 Holocaust survivors still living feel about that.  Adapted from Greg Gutfelds monologue on The Five on March 7, 2019.  CLICK HERE FOR MORE FROM GREG GUTFELD"
}
