{
  "domain": "foxnews.com",
  "theme": "MEDIA_CENSORSHIP",
  "headline": "Rwanda court says defaming the president remains a crime",
  "date": "20190425T120000Z",
  "url": "https://www.foxnews.com/world/rwanda-court-says-defaming-the-president-remains-a-crime",
  "title": "Rwanda court says defaming the president remains a crime",
  "article": "Rwanda's Supreme Court has upheld a law that says defaming the president is illegal, but it says drawing cartoons or producing writing that humiliates a government official is no longer a crime.  The Rwanda Journalists Association had challenged parts of the penal code that criminalized the publishing of such cartoons with punishment of up to four years in prison.  The association's executive secretary, Gonza Muganwa, welcomed the ruling, telling The Associated Press it removes a major obstacle to press freedom in the East African nation.  Defaming the president remains illegal, with a punishment of five to seven years in prison and a fine."
}
