{
  "domain": "foxnews.com",
  "theme": "TAX_FNCACT_PRESIDENTS",
  "headline": "Lib comedian Samantha Bee knocks pro - life film  Unplanned , a surprise hit , as  mostly made - up  propaganda",
  "date": "20190404T064500Z",
  "url": "https://www.foxnews.com/entertainment/lib-comedian-samantha-bee-knocks-pro-life-film-unplanned-a-surprise-hit-as-mostly-made-up-propaganda",
  "title": "Lib comedian Samantha Bee knocks pro-life film 'Unplanned,' a surprise hit, as 'mostly made-up' propaganda",
  "article": "Full Frontal host Samantha Bee blasted the newly released pro-life film Unplanned, which made an impressive debut at the box office last weekend.  Bee began her show Wednesday night by calling Unplanned an anti-choice propaganda movie and noted its not awful showing at the box office, where it earned more than $6 million and placed fourth behind blockbusters Dumbo, Us, and Captain Marvel.  Its obviously ridiculous and no one should see it, but the trailer is honestly wonderful, Bee sarcastically told her audience. Ordinarily, I wouldnt waste precious time talking about a movie so bad, it makes 'A Christmas Prince 2: Royal Wedding' look like 'Citizen Kane 2: A Christmas Cane'\u2026 but the vice president tweeted about it from his official account, which makes it news.  MARC THIESSEN: ABORTION SUPPORTERS DON'T WANT YOU TO SEE 'UNPLANNED' -- SEE IT ANYWAY  The TBS star referred to a tweet posted this week by Vice President Mike Pence, celebrating the films release.  This is incredibly embarrassing, especially when you factor in how low our bar is for vice presidents right now, she said in reference to the allegations of improper contact that at least seven women have now made against former Vice President Joe Biden.  CLICK HERE TO GET THE FOX NEWS APP  Bee noted that Unplanned sold more than 700,000 tickets and joked that most of them were to Duggars, stars of the reality series 19 Kids and Counting.  Bee also called the pro-life film mostly made-up, unlike the real and terrifying laws that are being passed in certain states, invoking Georgias recently passed heartbeat bill that outlaws abortion if a heartbeat can be detected."
}
