{
  "domain": "foxnews.com",
  "theme": "PUBLIC_TRANSPORT",
  "headline": "German rail operator halts trains as storm hits west",
  "date": "20190310T170000Z",
  "url": "https://www.foxnews.com/world/german-rail-operator-halts-trains-as-storm-hits-west",
  "title": "German rail operator halts trains as storm hits west",
  "article": "German train company Deutsche Bahn is halting long-distance and some regional train traffic in the west of the country because of a storm.  The company said Sunday it's stopping trains at stations in the western state of North Rhine-Westphalia because several lines have been blocked by trees falling on tracks.  Germany's meteorological agency DWD has issued a storm warning until late Sunday for large parts of the western and central Germany, with gusts of up to 120 kph (75 mph) expected.  A large cargo crane was blown over in Duisburg, partially landing in the Rhine river.  German news agency dpa reported that zoos in Dortmund, Wuppertal and Hamm were also shut as a precaution because of the storm."
}
