{
  "domain": "foxnews.com",
  "theme": "SOC_INNOVATION",
  "headline": "Pennsylvania proposed $540 million nuclear bailout sparks national debate",
  "date": "20190403T234500Z",
  "url": "https://www.foxnews.com/science/pennsylvanias-proposed-540-million-dollar-nuclear-bailout-is-sparking-national-debate",
  "title": "Pennsylvania's proposed $540 million nuclear bailout sparks national debate",
  "article": "MIDDLETOWN, Pa. -- The clock is ticking for Pennsylvania lawmakers, who must decide whether to support House Bill 11, the bill introduced by Rep. Tom Mehaffie, R-Dauphin, that would commit $500 million annually to rescue the states struggling nuclear industry over the next six years.  If approved, it would effectively save two of the states five nuclear plants, Three Mile Island (TMI) and Beaver Valley, which both have announced plans to close years before their operating licenses expire.  The long-awaited legislation would update the Alternative Energy Portfolio Standards Act of 2004 to allow carbon-free energy producers  including nuclear power plants  to take advantage of a credit program that would bring them additional revenue.  Under the existing law, the state's about 200 electricity suppliers must purchase alternative energy credits from two tiers of producers  including sources such as wind, solar and hydroelectric  and those credits must equal 18 percent of their electricity sales by 2021.  The update would add a third tier to the law in which the state's 11 electricity distributors must buy credits from carbon-free energy producers that equal 50 percent of their sales each year.  Mehaffie has also garnered national supporters like the Nuclear Energy Institute, which believes financial subsidies would put all the companies on an equal footing.  We need to look at the fact that nuclear offers the same value composition [as renewables] as far as no carbon and no emissions, and they need to be treated on an equal playing field, said Maria Korsnick, president and CEO of the Nuclear Energy Institute.  Korsnick, a strong proponent of the bill, believes Pennsylvania has an opportunity to be a model in a market where nuclear has been nationally ignored as a major job creator and carbon-free energy generator.  Whats happening in Pennsylvania is a microcosm for the broader United States, said Korsnick. And its so important these plants get attention and recognition because they demonstrate whats happening nationwide, which is the current market does not value the attributes of nuclear.  But while there is support, there is also mounting opposition from federal energy regulators. In New York, New Jersey, and Illinois, which approved similar laws, there have been legal challenges over protecting ratepayers from higher electricity prices.  Environmentalists are also among the growing list of opponents. Maurice Sampson, the Eastern Pennsylvania Director of Clean Water Action, said the bill is unsustainable and does nothing for renewable energies like solar and wind.  Its unacceptable, said Sampson, We need to catch up with the rest of the world in terms of getting us to renewable energy sources versus an outdated and dangerous technology, which nuclear energy is.  Environmentalists say state lawmakers also have a fiscal responsibility to explore renewables because they are inherently local and has the potential to employ a more diverse group of workers from various sectors.  The Delaware County Chamber of Commerce, Central Pennsylvania Building and Construction Trades and other local unions are in support of the bill.  Currently, nuclear plants generate 42 percent of the states electricity and 93 percent of its zero-carbon electricity; and employ an estimated 16,000 workers.  Regional jobs that Christina Simeone, a research fellow at the University of Pennsylvanias Kleinman Center for Energy Policy, says are a key part of the conversation.  Plant closure could potentially devastate these regions, said Simeone.  She believes the focus for all parties should be creating competition and spurring innovation, not rewarding bailouts that run the risk of potentially favoring one industry over another.  An ideal policy is going to put a penalty on carbon emissions and let lower, zero-carbon emitting resources compete in the market to provide power, Simeone said.  Time is running out for lawmakers who have until September 30, thats when Exelon plans to shut down its Three Mile Island plant if financial aid cannot be agreed upon."
}
