{
  "domain": "foxnews.com",
  "theme": "AGRICULTURE",
  "headline": "Get set for  super snow moon , the biggest supermoon of the year",
  "date": "20190215T220000Z",
  "url": "https://www.foxnews.com/science/get-set-for-super-snow-moon-the-biggest-supermoon-of-the-year",
  "title": "Get set for 'super snow moon,' the biggest supermoon of the year",
  "article": "Skygazers will be treated to the super snow moon, on Tuesday, the largest supermoon of 2019.  Februarys full moon is known as the snow moon as a result of the heavy snowfall that often occurs at that time of year, according to the Old Farmers Almanac. As a result, the Feb. 19 supermoon has been dubbed the super snow moon.  Supermoons occur when the Moons orbit brings it to the closest point to Earth while the Moon is full. Photographers were already capturing stunning shots of the supersize Moon on Feb. 18 and early Tuesday morning.  When a full moon appears at perigee [its closest point to Earth] it is slightly brighter and larger than a regular full moonand that's where we get a supermoon, explains NASA, on its website, noting that the phrase was coined in 1979.  The Moon will be 221,734 miles from Earth on Feb. 19, according to EarthSky, its closest full moon to Earth in 2019. The average distance between Earth and the Moon is 238,855 miles.  For people watching the celestial event in New York City, the Moon will rise at 5:46 p.m. and set at 7:35 a.m. on Feb. 20, according to the U.S. Naval Observatory. The Moon will appear particularly large when it is close to the horizon thanks to an optical illusion known as the moon illusion.  APOLLO 8 ASTRONAUTS RECOUNT NASA'S EPIC FIRST MISSION TO THE MOON  Although closer to the Earth, the Feb. 19 supermoon will not be as colorful as last months super blood Moon eclipse that saw the Earth s natural satellite turn a stunning shade of red. The celestial event was 2019s only total lunar eclipse and generated plenty of buzz.  The Moon continues to be a source of fascination. China, for example, recently became the first country to successfully land a spacecraft on the far side of the Moon. In December, a checklist that traveled to the surface of the Moon with Apollo 11 astronauts Neil Armstrong and Buzz Aldrin was sold at auction in New York for $62,500.  ISRAEL PREPS HISTORIC MISSION TO LAND ON THE MOON  2019 also marks the 50th anniversary of the historic Apollo 11 Moon landing.  An Israeli nonprofit says it'll launch what it hopes will be the first private spacecraft to land on the moon this week. SpaceIL and state-owned Israel Aerospace Industries told reporters on Monday that the landing craft, dubbed Beresheet, or Genesis, will launch from Florida, where, propelled by a SpaceX Falcon rocket launch, it will commence its months-long voyage to the moon.  CLICK HERE TO GET THE FOX NEWS APP  The launch is due late Thursday in the U.S. It had been originally slated for last December.  The Associated Press contributed to this article. Follow James Rogers on Twitter @jamesjrogers"
}
