{
  "domain": "foxnews.com",
  "theme": "ELECTION",
  "headline": "Maldives leader celebrates victory in parliamentary election",
  "date": "20190407T073000Z",
  "url": "https://www.foxnews.com/world/maldives-leader-celebrates-victory-in-parliamentary-election",
  "title": "Maldives leader celebrates victory in parliamentary election",
  "article": "Maldives President Ibrahim Mohamed Solih's party is leading in the vote count in the parliamentary election and has already declared a landslide victory that could give him a free hand in efforts to restore political freedoms and tackle corruption.  The official results are expected late Sunday. Local reports say Solih's Maldivian Democratic Party is leading at 60 out of the 87 seats in Parliament.  This could be the first time that a single party has won the majority in Parliament since the Indian Ocean archipelago nation became a multiparty democracy in 2008 after decades of autocratic rule.  More than 264,000 people were eligible to vote for 386 candidates running for the 87 seats. Voter turnout in Saturday's election was over 78 percent."
}
