{
  "domain": "foxnews.com",
  "theme": "POVERTY",
  "headline": "Judge signs off on homeless shelter on  Billionaire Row  in New York City",
  "date": "20190430T044500Z",
  "url": "https://www.foxnews.com/us/homeless-shelter-new-york-billionaires-row",
  "title": "Judge signs off on homeless shelter on 'Billionaires' Row' in New York City",
  "article": "A Manhattan judge on Monday gave city officials the green light to open a controversial homeless shelter in the ritzy Billionaires Row neighborhood.  State Supreme Court Justice Alexander Tisch rejected arguments from the West 58th Street Coalition and other opponents that the former Park Savoy Hotel doesnt meet current safety standards and is unsafe in case of fire.  Tisch ruled that while the only way out is through the lobby and the stairwell may be too narrow for both tenants and first responders at the same time, these are all aspects for which the City and its agencies are supposed to be given deference.  Tisch said the fact that the city granted the shelter a partial temporary certificate of occupancy demonstrates to the Court that the building is presumably safe and in compliance with applicable laws.  He also ruled that claims the neighborhood already had more than its fair share of shelters were without merit.  The Park Savoy, at 158 W. 58th St., stands back-to-back against the iconic One57 apartment building, the citys first supertall residential skyscraper and home to a $100 million condo that was the citys most expensive when Dell founder Michael Dell bought it in 2014.  Last year, neighbors were blindsided when Mayor Bill de Blasio quietly sent letters to local officials that revealed his plan to turn it into a shelter for 150 homeless men, sparking the suit against the city.  The West 58th Street Coalitions lawyer, Randy Mastro, said the group was disappointed in todays decision and plans to pursue an immediate appeal.  This unsafe building should not be permitted to operate as a homeless shelter, Mastro said.  Placing the homeless in this building puts their lives at risk, as well as the lives of staff, neighbors and firefighters responding there.  Social Services Commissioner Steven Banks said that we will begin serving our neighbors in need at this location as soon as possible. He also called Tischs decision a win for hard-working New Yorkers experiencing homelessness who will have the opportunity to get back on their feet at a high-quality, employment shelter.  This report originally appeared in the New York Post."
}
