{
  "domain": "foxnews.com",
  "theme": "SCIENCE",
  "headline": "Woman who died at 99 unknowingly lived with organs in wrong places",
  "date": "20190408T174500Z",
  "url": "https://www.foxnews.com/health/woman-who-died-at-99-unknowingly-lived-with-organs-in-wrong-places",
  "title": "Woman who died at 99 unknowingly lived with organs in wrong places",
  "article": "The family of an Oregon woman whose body was donated to science said they had no inkling during her 99 years of life that she had a rare condition that caused her organs to exist in the wrong places.  It wasnt until spring of 2018, when students at Oregon Health & Science University (OHSU) began examining the cadaver, that they reported Rose Marie Bentleys previously undetected, potentially life-threatening anatomy.  DOG HAS 5 GOLF BALLS REMOVED FROM STOMACH AFTER SWALLOWING THEM ON WALKS  In fact, when Bentley, who died in Oct. 2017, had her appendix removed years prior, her family said the doctor noted finding it in a strange location, but there was never any follow-up on her other organs.  I knew something was up, but it took us a while to figure out how she was put together, Cam Walker, Ph.D., an assistant professor of anatomy at OHSU Anatomical Service Center, said in a press release posted by EurekAlert!  Eventually, the class diagnosed Bentley with situs inversus with levocardia, a condition which causes the heart and abdominal organs to be either reversed or mirrored from normal positions in the body. According to the press release, it is diagnosed in about one in every 22,000 births, and is typically associated with life-threatening ailments concerning the heart or other abnormalities. The OHSU team believes Bentley is the oldest-known patient with the condition.  It was quite amazing, Warren Nielsen, one of the OHSU students who worked with Bentleys body, said in the press release. We were able to not only learn normal anatomy, but also the anatomic variation that can occur.  Bentleys five children told the team that she lived an active, healthy life, and that she would think this was so cool.  She would be tickled pink that she could teach something like this, Louise Allee, one of Bentleys children, said in the press release. She would probably get a big smile on her face, knowing that she was different, but made it through.  Walker, along with Mark Hankin, Ph.D., a professor of anatomy and senior anatomist and director of OHSU Anatomical Services Center presented Bentleys case at the 2019 American Association of Anatomists Annual Meeting at Experimental Biology.  CLICK HERE TO GET THE FOX NEWS APP  Both Bentley and her husband, who died 15 years ago, donated their bodies to the OHSU Body Donation Program."
}
