{
  "domain": "foxnews.com",
  "theme": "REFUGEES",
  "headline": "UK lawmakers : Julian Assange should face justice in Sweden",
  "date": "20190413T091500Z",
  "url": "https://www.foxnews.com/world/uk-lawmakers-julian-assange-should-face-justice-in-sweden",
  "title": "UK lawmakers: Julian Assange should face justice in Sweden",
  "article": "More than 70 British legislators are urging the government to make sure WikiLeaks founder Julian Assange faces Swedish justice if prosecutors there reopen a rape allegation against him.  The lawmakers signed a letter late Friday urging Home Secretary Sajid Javid to do everything you can to champion action that will ensure Julian Assange can be extradited to Sweden in the event Sweden makes an extradition request.  Sweden suspended its investigation of serious sexual misconduct two years ago because Assange was beyond their reach while taking refuge in the Ecuadorian Embassy in London.  He was arrested Thursday and is now in British custody facing an extradition request from the United States on charges of conspiring to break into a Pentagon computer."
}
