{
  "domain": "foxnews.com",
  "theme": "DEMOCRACY",
  "headline": "Senate Dem hopeful Kyrsten Sinema challenged over details of homeless upbringing",
  "date": "20190314T021500Z",
  "url": "https://www.foxnews.com/politics/senate-dem-hopeful-kyrsten-sinema-challenged-over-details-of-homeless-upbringing",
  "title": "Senate Dem hopeful Kyrsten Sinema challenged over details of homeless upbringing",
  "article": "A Senate Democratic hopeful in Arizona may have embellished her homeless upbringing, according to a new report that dug into a key part of her personal narrative.  Kyrsten Sinema, a congresswoman whos running against Republican Martha McSally in one of the highest-profile midterm races, came under fire after her repeated claims that she was homeless and lived in an abandoned gas station in Florida with no running water or electricity were called into question.  The New York Times obtained court records detailing her parents payments for an electric, phone and gas bill while they were living in the abandoned gas station  contradicting some aspects of her story.  The records were part of her parents divorce case, in which Sinemas mother and her stepfather revealed their monthly payments for utilities while living in the service station, which was owned by the stepfathers parents.  We are unable to provide adequately for the children, the stepfather wrote to the court, adding that his bills will exceed $2,000 and I will only bring in $1,500.  Sinemas claim of living in an abandoned gas station without running water or electricity has been a common theme during her campaigns for public office. In 2012, when she ran for Congress, she repeated the story to Fox 10.  You know when I was young my stepfather was out of work for several years and we lived in an abandoned gas station with no running water and no electricity, Sinema said. Sometimes we were hungry and we relied on the kindness of others to help us get through.  The new accusations put Sinema in an awkward position. In her 2009 book on political organizing, she wrote sometimes Im too honest and shes a big fan of honesty while noting its also wrong to tell half-truths and be sneaky about the truth  no doubt about it, the Times reported.  The U.S. Senate hopeful couldnt explain to the newspaper why her parents paid utility bills despite them not having electricity as she claimed. Oh gosh, I dont have an answer for that, she said. Thats not something a little kid would hear about from her parents.  She also declined to directly answer whether she exaggerated details about her upbringing. Ive shared what I remember from my childhood. I know what I lived through, she told the newspaper.  The latest revelation follows a string of previous questions about her childhood. The Washington Post questioned her in 2013 about her claims of having a toilet yet no running water. A 2016 Arizona Republic story also noted that the previous owner of the gas station said the building had a spigot and wood-burning stove.  In a statement to the Times, Sinema's mother and stepfather released a statement saying they lacked power and water when living in the abandoned gas station. They didnt address questions why they still paid utility bills.  According to Fox News 2018 Midterm Power Rankings, the race between Sinema and McSally is a toss-up. Polls largely show Sinema leading the race within the margins of error."
}
