{
  "domain": "foxnews.com",
  "theme": "FREESPEECH",
  "headline": "Emma Meshell : No one should be surprised by Brian Sim behavior",
  "date": "20190509T121500Z",
  "url": "https://www.foxnews.com/opinion/emma-meshell-brian-sims-behavior",
  "title": "Emma Meshell: No one should be surprised by Brian Sims' behavior",
  "article": "The footage of Pennsylvania State Rep. Brian Sims harassing an elderly woman praying near a Planned Parenthood clinic in Philadelphia is shocking, and rightly so. Its natural to recoil watching a powerful man browbeat a few teenagers praying the rosary as Sims did in another video. But vitriol like this is commonplace on our college campuses, where dissidence is squashed by intimidation and violence.  Every day, intellectual minorities on campus face attacks like the one outside that Planned Parenthood building in Philly. Those who dare to step outside of the leftist groupthink place themselves in harms way, with pro-life students and Christians facing many of the most reprehensible attacks.  Dont take it from me  take it from the pro-life women who were threatened with rape by a Purdue University employee. Take it from the students at UC Santa Barbara who were assaulted by a feminist studies professor for handing out pro-life literature. Or take it from the Western Washington University students whose advertisement for a pro-life speech was burned by arsonists this week.  INCREASING CALLS FOR BRIAN SIMS TO 'IMMEDIATELY RESIGN' FOR HARASSING PRO-LIFERS  Intimidation by those in power is inexcusable but is far too common on our college campuses. While America is shocked that an elected official behaved so disgracefully, and is so adversarial to free speech, the Leadership Institutes Campus Reform has been reporting for years on examples just like this one coming from professors and administrators on our college campuses.  Bernadette Tasy, a student at Fresno State University, was berated by a professor for chalking pro-life messages. College campuses are not free speech areas. Do you understand? Obviously, you dont understand, the professor mocked as he scrubbed her messages out with his sneaker. Obviously, he doesnt understand that the United States of America is a free speech zone. Its called the First Amendment.  Fortunately, Tasy is aware of her constitutional rights and she stood up to this professor. But far too many young people are unaware of their rights or are intimated into silence. The result is a generation that learns that free speech can be restricted  by intimidation and even physical violence, if necessary  to silence those they disagree with. And, the more powerful you are, the more entitled you are to enforce what you believe is right.  When students are taught that this behavior is acceptable, theyre going to carry that with them beyond graduation. Like Sims, they will believe that threatening their opposition is not only excusable, but necessary. If this pattern continues in our institutions of higher education, we should expect more intimidation against pro-lifers, Christians and intellectual minorities in the future.  If you havent yet, watch the footage of the unhinged man berating quiet protesters for their prayers. Every single viewer should be outraged by the effort of one of our elected officials to silence unpopular opinions through intimidation and abuse of power. Many have and will continue to express outrage on social media.  CLICK HERE TO GET THE FOX NEWS APP  But if we really want to fix the problem, we must look to the campuses, where our countrys precedents are set. It's there that the change is needed most. President Trump recognized it by signing an executive order to protect free speech on campuses, and 28 states have recognized it by introducing or passing laws to safeguard students free speech rights.  These are much-needed steps to restore constitutional freedoms on campus, and ought to be applauded. But to truly solve this epidemic of squashing dissent, students must take on a personal appreciation for the unique expression rights we enjoy as Americans. Only then will we see more advocates like Bernadette Tasy and fewer bullies like Brian Sims."
}
