{
  "domain": "foxnews.com",
  "theme": "DRUG_TRADE",
  "headline": "Houston cops scrapping no - knock warrants for undercover raids",
  "date": "20190220T030000Z",
  "url": "https://www.foxnews.com/us/houston-cops-scrapping-no-knock-warrants-for-undercover-raids",
  "title": "Houston cops scrapping no-knock warrants for undercover raids",
  "article": "Officers in Houston will now need to request a special exemption from its police chiefs office to conduct a no-knock raid, according to reports.  Officials also announced a new policy for undercover officers to wear body cameras on raids.  The policy changes follow a drug raid on a home that turned into a deadly shootout in which two suspects were killed and five undercover officers were injured, the police chief said.  The no-knock warrants are going to go away like leaded gasoline in this city, Chief Art Acevedo announced during a town hall meeting Monday.  The decision comes as the city faces criticism from local community activists for the Jan. 28 raid that led to the deaths of 59-year-old Dennis Tuttle and 58-year-old Rhogena Nicholas, who both lived in the home. Four officers were shot in the gunfight and another was injured but not shot.  Acevedo said last month that a team of nine narcotics officers attempted to serve a search warrant and immediately came under fire upon entering a home in the citys southeast side.  He said a large pit bull charged at the first officer through the door, who shot and killed the dog. Acevedo said Tuttle opened fire, striking that officer in the shoulder.  The shooting erupted as members of the Houston police narcotics unit responded to a residence they suspected was a hub for drug dealing, particularly the sale of street-level narcotics like black-tar heroin, Acevedo said.  Officers found no heroin, but recovered marijuana, an unidentified white powder and two rifles, he said.  HOUSTON POLICE UNIONS WARNING FOR DIRTBAGS TRYING TO TAKE OUR LIVES AFTER SHOOTING  Acevedo revealed last week that an investigation into the drug raid found a 30-year veteran of the force lied in an affidavit to justify storming the house without warning. Officer Gerald Goines, who prepared the search warrant, has since been suspended and its unclear what charges he could face.  CLICK HERE TO GET THE FOX NEWS APP  Fox News Kathleen Joyce and The Associated Press contributed to this report."
}
