{
  "domain": "foxnews.com",
  "theme": "DISCRIMINATION",
  "headline": "Weatherman , fired for alleged racial slur , sues former employer",
  "date": "20190416T101500Z",
  "url": "https://www.foxnews.com/entertainment/weatherman-fired-alleged-racial-slur-sues-former-employer",
  "title": "Weatherman, fired for alleged racial slur, sues former employer",
  "article": "The former chief meteorologist of an NBC station in Rochester who was axed earlier this year for allegedly using a racial slur during a live broadcast filed a lawsuit Monday against his old employer.  Jeremy Kappell filed suit against WHEC-TV, Hubbard Broadcasting and the stations general manager, Richard Reingold for defamation, intentional infliction of emotional distress, and negligent infliction of emotional distress, according to WHAM.  Kappell was canned on Jan. 4, days after a broadcast in which he appeared to refer to Rochesters Dr. Martin Luther King Jr. Square Park, as Dr. Luther Cn, King Jr. Park.  At the time, Kappell attributed the incident to a verbal slip  a claim echoed in Kappells lawsuit against his old station, which faults his utterance as a linguistic error.  The weathermans attorneys said in the suit filed in Monroe County Court that the statement released by WHEC General Manager Richard Reingold following the incident amounts to defamation.  Kappells lawyers said that Reingolds statement directly attributed the racial slur to their client, representing to the world that Kappell had intentionally uttered a racial slur. In doing so, Reingold defamed Kappell,\u2026  according to the lawsuit obtained by WHAM.  Kappell is seeking a jury trial and an unknown monetary judgement.  WHEC-TV responded to their ex-employees lawsuit in a statement, saying We are disappointed that Mr. Kappell has taken this step, and are prepared to defend our decision to the fullest. Because this matter is now in the courts, we will have no further comment."
}
