{
  "domain": "foxnews.com",
  "theme": "CYBER_ATTACK",
  "headline": "Andrew McCarthy : Behind the Obama administration shady plan to spy on the Trump campaign",
  "date": "20190416T133000Z",
  "url": "https://www.foxnews.com/opinion/andrew-mccarthy-behind-the-obama-administrations-shady-plan-to-spy-on-the-trump-campaign",
  "title": "Andrew McCarthy: Behind the Obama administrations shady plan to spy on the Trump campaign",
  "article": "In Senate testimony last week, Attorney General William Barr used the word spying to refer to the Obama administration, um, spying on the Trump campaign. Of course, fainting spells ensued, with the media-Democrat complex in meltdown. Former FBI Director Jim Comey tut-tutted that he was confused by Barrs comments, since the FBIs surveillance had been authorized by a court.  ANDREW MCCARTHY: BARR IS RIGHT TO REVIEW WHY TRUMP-RUSSIA INVESTIGATION BEGAN  The pearl-clutching was predictable. Less than a year ago, we learned the Obama administration had used a confidential informant  a spy  to approach at least three Trump campaign officials in the months leading up to the 2016 election, straining to find proof that the campaign was complicit in the Kremlins hacking of Democratic e-mails.  As night follows day, we were treated to the same Beltway hysteria we got this week: Silly semantic carping over the word spying  which, regardless of whether a judge authorizes it, is merely the covert gathering of intelligence about a suspected wrongdoer, organization, or foreign power.  TO KEEP READING IN THE NEW YORK POST, CLICK HERE."
}
