{
  "domain": "foxnews.com",
  "theme": "ELECTION",
  "headline": "Stacey Abrams threatens presidential run",
  "date": "20190305T214500Z",
  "url": "https://www.foxnews.com/politics/stacey-abrams-threatens-presidential-run",
  "title": "Stacey Abrams threatens presidential run",
  "article": "**Want FOX News Halftime Report in your inbox every day? Sign up here.**  On the roster: Stacey Abrams threatens presidential run - Hogan checks the temperature in Iowa - Ocasio-Cortez denies campaign cash allegations - McConnell cant protect Trump emergency - Florida man + Molotov cocktails = Kicker    STACEY ABRAMS THREATENS PRESIDENTIAL RUN   NYT: Pick a strategy Democrats are considering ahead of 2020, and Stacey Abramss narrow loss in the Georgia governors race serves either as a blueprint or a warning sign. \u2026 For Ms. Abrams, the answer is unequivocal: Her campaign turned out record numbers of black, Latino and Asian voters, and she also won a larger share of the white vote than President Barack Obama or scions of Georgia political royalty like Jason Carter and Michelle Nunn. \u2026 This, she argues, is a playbook Democrats should follow for 2020, whether or not she runs for president  a choice she is actively considering. I need women of color, particularly black women, to understand that our achievements should not be diminished, she said, particularly that she came so close in a red state. She added, Now Im not saying I would be the best candidate, but Im not going to dismiss it out of hand the way others do.    Bloomberg pens op-ed, will not run in 2020 - Bloomberg: I know what it takes to run a winning campaign, and every day when I read the news, I grow more frustrated by the incompetence in the Oval Office. I know we can do better as a country. And I believe I would defeat Donald Trump in a general election. But I am clear-eyed about the difficulty of winning the Democratic nomination in such a crowded field. There is another factor that has weighed heavily on my mind: the likelihood that our biggest national problems will worsen over the next two years. With a leader in the White House who refuses to bring the parties together, it will be nearly impossible for Congress to address the major challenges we face\u2026 I love our country too much to sit back and hope for the best as national problems get worse.    Harris, Sanders got the best bounces - FiveThirtyEight: When candidates run for president, they want to make a good first impression. \u2026 And so far, some candidates have had more successful kickoffs than others. \u2026 Out of the six candidates for whom we have both before and after data, Sen. Kamala Harris appears to have had the best campaign launch so far. Harris gained 8 percentage points between the poll the week before her Jan. 21 announcement and the poll the week after. And horse-race polling wasnt the only indicator that Harris had an effective kickoff. Harriss announcement also succeeded at getting more voters to see her in a positive light. \u2026 Sen. Bernie Sanders \u2026 had nearly as big of a bump as Harris. Sanders gained 6 points between the Feb. 11-17 poll and last weeks poll (he announced on Feb. 19). Thats especially impressive considering that he was already a well-known commodity.    Hillary finally gets Shermanesque - USA Today: Former Secretary of State Hillary Clinton definitively declared on Monday I'm not running in the 2020 presidential election, again throwing cold water on the still smoldering rumors that she might go for a 2016 rematch against President Donald Trump. I'm not running, but I'm going to keep working and speaking and standing up for what I believe, she said in an interview with News 12, a regional cable news network in New York. I'm not going anywhere. Clinton has been an outspoken critic of her 2016 opponent and his administration's policies since her defeat.    Bernie signs Democratic loyalty pledge - WaPo: Sen. Bernie Sanders (Vt.), a longtime independent, signed a pledge Tuesday saying he would seek the presidency as a Democrat and govern as a Democrat if elected. The move comes in response to a new rule from the Democratic National Committee that requires all candidates for the partys 2020 presidential nomination to sign such a pledge  a change that some Sanders allies considered a swipe at the senator. Sanders, who caucuses with Democrats in the Senate and has said he will support the Democratic presidential nominee in 2020 no matter how the nominating contests go, has frustrated some in the party by remaining politically independent. He ran for president as a Democrat in 2016 but then sought reelection to his Senate seat from Vermont last year as an independent.    Merkleys message for Dems: Theres more at stake than the presidency - AP: U.S. Sen. Jeff Merkley of Oregon has decided not to enter the increasingly crowded race for the 2020 Democratic presidential nomination after months of consideration. Merkley told The Associated Press the large field of Democratic contenders for the White House was not a major factor in his decision, nor was an Oregon law that prevents him from being on the ballot for more than one elected office in any given year. Ive never shied from a fight, and theres nothing about the field that would make me reluctant to be there, Merkley said. Merkley, who planned to formally announce his intentions on Tuesday, said in a telephone interview that he decided he would be more effective running for his third term in the Senate than being a candidate for the presidency.    Beto the blank slate - Politico: It might be the biggest question lingering over [Beto] ORourke as he prepares for a likely run for the Democratic presidential nomination: Just what does he believe, actually? ORourke seems unwilling to place himself on his partys conventional political spectrum. At the final town hall of his congressional career, the last of more than 100 such gatherings he held, ORourke was greeted in December at a local high school by cheerleaders, a mariachi band and supporters wearing T-shirts reading Beto for President. In response to a question from POLITICO after the event, ORourke would notor could notanswer if he considers himself a progressive Democrat. I dont know, he said. Im just, as you may have seen and heard over the course of the campaign, Im not big on labels. I dont get all fired up about party or classifying or defining people based on a label or a group. Im for everyone.    Caitlin Flanagan: The anger of Amy Klobuchar - The Atlantic: What a disappointment all of this has been to those of us who had been so excited by [Amy] Klobuchar when we were introduced to her during the sudden-death round of the Kavanaugh confirmation hearings. You can be forgiven for not remembering those hearings, as they took place several years ago, before (inter alia) the Cohen testimony, the government shutdown, Caravans I, II, and III, Jussie Smollett, the state of emergency, people unwilling to work, Virginia Is for Racists, Donald Trump breaking his 40-year winning streak of staying out of Vietnam, and the Oscars celebration of diversity coming to an abrupt halt when the wrong diversity picture got celebrated.    HOGAN CHECKS THE TEMPERATURE IN IOWA   WaPo: Maryland Gov. Larry Hogan, one of the highest-profile Republicans open to running against President Trump, sounded notes Monday that candidates-in-waiting have long tried to hit in this first-caucus state. But he also signaled that he is in no rush to make up his mind about 2020. He said he was here to attend to National Governors Association business, not lay the groundwork for a campaign. It currently makes no sense, with a president that has the kind of approval rating that he does in his own party, Hogan said in an interview. Having said that, Ive said things can change, and we dont know what it might look like a few months from now. Variables such as the outcome of special counsel Robert S. Mueller IIIs probe, Democratic talk of impeachment and the presidents fluctuating political standing are all potential factors in his decision, Hogan acknowledged. In the meantime, hes taking things slowly.    Mark Cuban keeping his 2020 options open - Fox News: Mark Cuban wont rule out taking a shot in 2020. The billionaire Dallas Mavericks owner told Fox News it isnt a slam dunk that he will get in the race, but it is something he is considering. I said Im not ruling it out, Cuban said via email. But the tea leaves would have to align perfectly. The comments came after the Shark Tank star spoke to the New York Daily News following the Mavs game against the Brooklyn Nets on Monday night. When asked if he was going to get off the bench and enter the political game, Cuban said: I havent decided anything yet. Well see what happens. It all comes down to how things play out. Theres a lot of uncertainty with whats going on with the Mueller report, theres a lot of things that have to be figured out before we know how 2020 is going to play out.    THE RULEBOOK: STILL TRUE TODAY   No man is allowed to be a judge in his own cause, because his interest would certainly bias his judgment, and, not improbably, corrupt his integrity.  James Madison, Federalist No. 10    TIME OUT: FASTELAVNBOLLERS FOR EVERYBODY!  Smithsonian: Fat Tuesday, Carnaval, Shrove Tuesday, Fasching, Fastelavnfor as many different names there are for Mardi Gras, theres just as many food-related traditions. Famous in the United States, of course, are king cake and beignets in New Orleans. Shrove Tuesday in Great Britain consists of a pancake feast. Fat Tuesday is on a Thursday in Poland, but their deep-fried treasure p\u0105czki is so renowned some just call it P\u0105czki Day. Topped with powdered sugar, p\u0105czki are crispy on the outside and soft and thick in the middle with delicious jelly filling. Other countries have similar treats by different names. Lithuanians have spurgos, which are pretty similarwith the exception that theyre sometimes made with rum and raisins, or other times with cottage cheese. The Portuguese have malasadas, typically unfilled, but very sugary, balls sometimes formed into a unique triangular shape. Scandinavians, meanwhile, enjoy semla, or fastelavnboller, which are cream-filled baked buns.    Flag on the play? - Email us at HALFTIMEREPORT@FOXNEWS.COM with your tips, comments or questions.    SCOREBOARD  Trump job performance    Average approval: 42.8 percent  Average disapproval: 53.2 percent  Net Score: -10.4 points  Change from one week ago: up 2.4 points    [Average includes: Quinnipiac University: 38% approve - 55% disapprove; Gallup: 43% approve - 54% unapproved; IBD: 41% approve - 53% disapprove; NBC/WSJ: 46% approve - 52% disapprove; Fox News: 46% approve - 52% disapprove.]    **and now, for this important commercial message**   Consider yourself an Influencer? Become a trusted advisor in our FOX News community and help guide our brands future. Click here to find out how.     Members of Fox News Influencers have the opportunity to be heard, be part of a special network of peers and influence new initiatives. Whats more, youll receive updates on how your input has made an impact.     Fill out our qualification survey and join us. Thank you for your continued support in our companys growth.  **we now return you to our regularly scheduled political palaver**    OCASIO-CORTEZ DENIES CAMPAIGN CASH ALLEGATIONS  Fox News: New York Rep. Alexandria Ocasio-Cortez on Tuesday denied violating federal campaign law after a conservative government watchdog filed a complaint with the Federal Election Commission accusing the Democratic lawmaker and her chief of staff of being part of an off-the-books operation to spend hundreds of thousands of dollars on candidates last year. There is no violation, Ocasio-Cortez exclusively told Fox News after landing Tuesday at Ronald Reagan National Airport. \u2026 The complaint was drafted by the Virginia-based National Legal and Policy Center. It accuses Ocasio-Cortez and Saikat Chakrabarti, her chief of staff, of funneling nearly $1 million in contributions from political action committees Chakrabarti established to private companies that he also controlled. The funds, the NLPC writes, were likely spent on campaign events for Ocasio-Cortez and other far-left Democratic candidates favored by Chakrabarti, who made his fortune in Silicon Valley and previously worked on Bernie Sanders' 2016 presidential campaign. \u2026 Chakrabarti did not return a request for comment.     Ocasio-Cortez says critics stoking violence against her - New Yorker: It feels like an extra job, [Ocasio-Cortez] said of the attacks. Ive got a full-time job in Congress and then I moonlight as Americas greatest villain, or as the new hope. And its pretty tiring. Im just a normal person. I knew that I was not going to be liked. Im a Democrat. Im a woman. Im a young woman. A Latina. And Im a liberal, a D.S.A. member, she said, referring to the Democratic Socialists of America. I believe health care is a right and people should be paid enough to live. Those are offensive values to them. But this ravenous hysteriaits really getting to a level that is kind of out of control. Its dangerous and even scary. I have days when it seems some people want to stoke just enough of it to have just enough plausible deniability if something happens to me.    House Dem in row over anti-Semitism resolution - NYT: The decision by House Democratic leaders to put a resolution condemning anti-Semitism on the House floor Wednesday has touched off a furious debate between older House Democrats and a new breed of young liberal activists over whether Representative Ilhan Omar is being singled out for disparate treatment. The issue is pitting veteran Democrats like Representatives Eliot L. Engel, Nita M. Lowey and Jerrold Nadler  all of whom lead major House committees, and all of whom are Jewish  against Ms. Omar and left-leaning groups like Justice Democrats and IfNotNow, a movement led by young Jews to end the Israeli occupation of the West Bank. It was prompted by comments and tweets from Ms. Omar, a Minnesota Democrat, that were characterized as anti-Semitic. A draft of the resolution being circulated on Capitol Hill does not name Ms. Omar. But there is little question it is aimed at her.    Jonathan Chait: Can anti-Semitism split Democrats like it split Labour? - Intelligencer: Last week, Rachel Shabi, a left-of-center British journalist, warned American progressives that anti-Semitism could one day tear apart Democrats just as it is now doing to the Labour Party. When I read her essay, just ten days ago, it seemed fantastical. Today, after watching progressives floundering about in the wake of Ilhan Omars smearing of pro-Israel activism as a form of dual loyalty, Shabis diagnosis looks prescient. It can happen here.    MCCONNELL CANT PROTECT TRUMP EMERGENCY   NYT: Senator Mitch McConnell, the majority leader, conceded on Monday that he could not stave off final passage of a resolution overturning President Trumps national emergency declaration, setting up a rebuke to Mr. Trump amid signs that the presidents grip even on his own party in Congress may be slipping. With Senator Rand Paul of Kentucky joining three other Republicans  Susan Collins of Maine, Lisa Murkowski of Alaska and Thom Tillis of North Carolina  in announcing he would support the measure, Democrats now have the 51 votes they need to secure passage and to force Mr. Trump to issue the first veto of his presidency. Mr. McConnell is exploring whether he can amend the House-passed resolution of disapproval, to send it back to the House and slow its trip to the presidents desk. Ms. Collins and Ms. Murkowski are both sponsors of a separate resolution, virtually identical to the House resolution, introduced in the Senate last week.    Bon voyage, Stew - Politico: Don Stewart, who was for more than a dozen years a top communications adviser to Senate Majority Leader Mitch McConnell (R-Ky.), is leaving the Hill after 22 years  all spent in the Senate. Stew, as he was known on the Hill, spent 13 years with McConnell, including his entire run as leader. He also worked for Georgia Sen. Paul Coverdell and Texas Sens. Phil Gramm and John Cornyn. Stew was also a bouncer, and he was in the Army  two jobs that might actually prepare you to work on the Hill. His last day is next Friday.     [Ed. note: Stew, as he is known on the Hill, is fairly well the ideal flack. He never lies, he tells you the facts in the light most favorable to his team but doesnt offer fanciful spin, he is well informed and has a presumption toward press access. Hes been great to work with over the years. I wish him every success and happiness outside of the institution.]     Feud between Scott and Gaetz gets ugly - Politico: A feud between Rep. Matt Gaetz and Sen. Rick Scott has broken into the open, putting two of Donald Trumps closest Florida allies at war with each other in a state thats pivotal to the presidents reelection campaign. After simmering behind the scenes for months, the conflict came to a boil when Scott accused Gaetz of witness intimidation for threatening Michael Cohen, Trumps former lawyer-turned-congressional-informant, via Twitter. \u2026 The roots of the strife stretch back more than five years, to Tallahassee, when Scott served as governor. Back then, Gaetz was a state representative and Gaetzs father, Don Gaetz, was the president of the Florida Senate who clashed with Scott. Two years later, in 2016, Don Gaetz was passed over to become president of the University of West Florida after Scott lobbied the selection committee in favor of another applicant.    PLAY-BY-PLAY  FDA commissioner said to be resigning - WSJ    Arthur Brooks: Our culture of contempt - NYT    Cohen attorneys reportedly sought pardon from Trump last spring - WSJ    In letter to Congress, Trump now says he 100 percent favors keeping troops in Syria - NBC News    T-Mobile has racked up a big bill at Trump Washington hotel since merger with Sprint - WaPo    John Bolton is a man in a hurry - The Atlantic  FDA Commissioner Scott Gottlieb announces resignation - WaPo    AUDIBLE: DONT LET THEM STUFF YOU IN A LOCKER    It is like high school  I just hope Im better at it.  Freshman Rep. Max Rose, D-N.Y., told Politico for an article about the Houses freshman cliques.     FROM THE BLEACHERS   I must admit to being conflicted. I want the wall built...national emergency, crisis, disaster...call it what you will, our southern border must be secured. Pelosi and crew absolutely disgust me with the political games they play with our national security and have forced President Trump to declare this national emergency to do what must be done. But...I'm a strong believer in our Constitution and the arguments I've heard that this declaration is a constitutional power overreach by the President are troubling. Also, if granted, it would set a precedent that could be abused in the future. Can you enlighten me as to what should be done and/or what you think will happen?  Neil Klapthor, Evans, Ga.     [Ed. note: In arguing against the resolution of disapproval now headed for passage in the Senate, President Trump said that Republicans should be unconcerned about the precedent it would set for future abuses of power by Democratic presidents since theyre going to do it anyway. But if that were so, it would be even more imperative for Republicans in Congress to hold the line now. The less this issue is about the specific policy and partisan self-interest, the better the legal argument Congress will have. Theres a case to be made that the presidents declaration is legal but not constitutional. And since theres never been a declaration like this one to repurpose domestic funds specifically, expressly denied by Congress on multiple occasions, theres a chance that the courts may consider the larger question of the laws validity. Either way, this is an important legal fight to have. And I think its even more important that our impossibly weak Congress find ways to push back against the decades-long slouch toward executive power. That has nothing to do with my feelings about the issue of a couple of extra billion for border security, but rather about the deeper consideration of a system thats gotten out of whack.]      Most interesting report. My wife and I have paw paw most days as a lunchtime dessert... delicious! My doctor father told me that paw paw seeds contained pepsin. It remains very popular here in The West Indies and is widely available in supermarkets. Not generally known is that the paw paw tree may be male or female \u2026 the male tree will never produce fruit.  Eric de Verteuil, West Moorings, Trinidad     [Ed. note: My jealousy knows no bounds, Mr. de Verteuil! Not only do you live in a riotously, astonishingly beautiful place (current temperature, 88 degrees, steady breeze, low humidity) but you get to eat one of my favorite things in the world each and every day. Though as a West Virginian, perhaps I love paw paws so much because they are available so briefly. You have to wait until summer, when hot nights have finally crept into the mountains. And before the first frost they are already gone. Maybe the waiting and the short season makes them taste sweeter. But if I had such easy access to ripe paw paws, I promise that I would keep my ice cream maker in overdrive churning out pints!]     Share your color commentary: Email us at HALFTIMEREPORT@FOXNEWS.COM and please make sure to include your name and hometown.    FLORIDA MAN + MOLOTOV COCKTAILS = KICKER  WFTV: An Orange County [Fla.] man is under arrest after allegedly throwing Molotov cocktails at his own vehicle inside of an impound lot, according to an arrest report. He came back and started throwing gas cocktail bombs over the fence on his own car, said car lot owner Darnell Adams. An arrest report says the suspect, Ayub Abdulrahman, came to get his car back after it was impounded and set it on fire instead. \u2026 Adams said he was going to hand over the keys because Abdulrahman had already paid almost $300 to get this car out of the impound lot, but instead of it going home the burned-out car was stuck behind crime scene tape. \u2026 I didn't even own it anymore. He was getting it out, Adams said. 20 minutes. If he had waited twenty minutes, he would've been able to drive away in his car. \u2026 Adams said his mechanic was able to put the fire out with an extinguisher.    AND NOW, A WORD FROM CHARLES\u2026   Some will protest that in a world with so much human suffering, it is something between eccentric and obscene to mourn a dog. I think not. After all, it is perfectly normal, indeed, deeply human to be moved when nature presents us with a vision of great beauty.  Charles Krauthammer (1950-2018) writing for Time Magazine on June 10, 2003.    Chris Stirewalt is the politics editor for Fox News. Brianna McClelland contributed to this report. Want FOX News Halftime Report in your inbox every day? Sign up here."
}
