{
  "domain": "foxnews.com",
  "theme": "BULLYING",
  "headline": "  The View  host Meghan McCain says her late father would laugh that Trump is  so jealous of him  ",
  "date": "20190320T174500Z",
  "url": "https://www.foxnews.com/entertainment/the-view-host-meghan-mccain-says-her-late-father-would-laugh-that-trump-is-so-jealous-of-him",
  "title": "The View host Meghan McCain says her late father would laugh that Trump is so jealous of him",
  "article": "The View co-host Meghan McCain thinks her late father would be amused that President Trump keeps him in the news with on-going attacks via Twitter.  Trump has repeatedly tweeted about John McCain  who died in Aug. 2018  in recent days, falsely claiming the iconic senator graduated last in his class at Annapolis and slamming his role in the Russia investigation.  CINDY MCCAIN SHARES HATEFUL MESSAGE SHE RECEIVED ABOUT HER FAMILY, LATE HUSBAND, AFTER LATEST ATTACK FROM PRESIDENT TRUMP  The president also responded recently to reports McCain and an associate had shared with the FBI and various media outlets the unverified dossier alleging that Moscow held compromising information on Trump  but the outspoken ABC News host thinks her dad would laugh it off.  If I had told my dad, Seven months after youre dead, youre going to be dominating the news and all over Twitter, Meghan McCain said on Wednesday. He would think it was so hilarious that our president was so jealous of him that he was dominating the news cycle in death.  The View co-host then advised viewers not to feel bad for her family despite the president mocking her father on a regular basis.  MEGHAN MCCAIN SLAMS DONALD TRUMP IN EMOTIONAL 'THE VIEW' SEGMENT: 'HE WILL NEVER BE A GREAT MAN'  We are blessed. We are a family of privilege, she said. Feel bad for people out there who are being bullied that dont have support.  Meghan also thanked her View colleagues for the on-going support when it comes to defending her father. Co-host Joy Behar slammed Sen. Lindsey Graham on Monday for aligning with President Trump over his old friend, saying the Senate Judiciary Committee Chairman needs to find his testicularity.  CLICK HERE TO GET THE FOX NEWS APP  Earlier this week, the same topic came up on The View and Meghan bashed the president for the Twitter attack on her father.  He spends his weekend obsessing over great men because he knows it and I know it and all of you know it -- he will never be a great man, she said.  Meghan closed out the rebuke by adding: I genuinely feel bad for his family. I cant imagine having a father that does this on the weekends."
}
