{
  "domain": "foxnews.com",
  "theme": "DRUG_TRADE",
  "headline": "Kim Kardashian to cover released prisoner Matthew Charle rent",
  "date": "20190312T124500Z",
  "url": "https://www.foxnews.com/entertainment/kim-kardashian-to-cover-released-prisoner-matthew-charles-rent",
  "title": "Kim Kardashian to cover released prisoner Matthew Charles' rent",
  "article": "Thanks to Kim Kardashian West, one of the first inmates released after federal sentencing reforms won't have to worry about rent for five years.  Matthew Charles told The Tennessean last week that he couldn't find permanent housing since his Jan. 3 release, in part due to his criminal history.  But on Sunday, Charles announced that Kardashian West, an advocate for criminal justice reform, will be helping him out. He said she's not doing it to get attention, but he just had to share it.  Convicted of a nonviolent drug offense in 1996, Charles received national attention because he was ordered back to prison in 2018, two years after his sentence was ruled unfair.  CLICK HERE TO GET THE FOX NEWS APP  He attended this year's State of the Union address at President Donald Trump's invitation."
}
