{
  "domain": "foxnews.com",
  "theme": "TAX_FNCACT_PRESIDENTS",
  "headline": "McCabe says  it possible  Trump a Russian asset ; White House exploring  every option  to reclaim money from defunct California rail project",
  "date": "20190220T101500Z",
  "url": "https://www.foxnews.com/us/jeff-rosen-to-replace-rod-rosenstein-as-deputy-attorney-general-mccabe-cant-recall-insurance-policy-discussion-with-strzok-page-in-2016",
  "title": "404 | Fox News",
  "article": "This material may not be published, broadcast, rewritten, or redistributed. \u00a92018 FOX News Network, LLC. All rights reserved. All market data delayed 20 minutes."
}
