{
  "domain": "foxnews.com",
  "theme": "PROPAGANDA",
  "headline": "Trevor Noah : Trump is a  product of white supremacy  ",
  "date": "20190319T150000Z",
  "url": "https://www.foxnews.com/entertainment/trevor-noah-trump-is-a-product-of-white-supremacy",
  "title": "Trevor Noah: Trump is a 'product of white supremacy'",
  "article": "Daily Show host Trevor Noah addressed the mass shootings in New Zealand last week and pondered whether President Trump was responsible.  In a Behind the Scenes clip, Noah compared the case to climate change, explaining that no storm can be directly linked to climate change but that the president raises the temperature enough that such acts of violence take place.  He then told his audience that he doesnt believe Trump inspired the shooter to kill Muslims, but that he and the shooter are inspired by the same things.  TREVOR NOAH: TRUMP'S 'SUPERHUMAN STUPIDITY' LED PRESIDENT TO DISCOUNT HIS OWN ADMINISTRATION'S CLIMATE REPORT  Theyre products of the same white supremacy. They believe the same things, Noah reasoned.  Donald Trump and these people will go around saying, Oh, hes not a white supremacist. Yeah, but all white supremacists think hes a white supremacist\u2026 Hes a product of that, which is scary because, you know, when you think hes the figurehead, it makes it easy to go, If you get rid of him, then the problem is gone, but I honestly believe that Donald Trump is a product of white supremacy. He is a product of that fear that has been instilled in many white men in America and in around the world whove been led to believe that theyre constantly under assault and that theyre being replaced and that theire place in this world is at risk.  JOHN LEGEND SAYS TRUMP 'NEEDS TO APOLOGIZE FOR DEMONIZING MUSLIMS' AFTER NEW ZEALAND MASSACRE  The Comedy Central star later linked the spreading of the white supremacists message online to ISIS propaganda, telling white men this is whats happening to you, you should be afraid and this is how you fight back."
}
