{
  "domain": "foxnews.com",
  "theme": "PUBLIC_TRANSPORT",
  "headline": "FBI : Former assistant planned to kill professor with ax",
  "date": "20190315T203000Z",
  "url": "https://www.foxnews.com/us/fbi-former-assistant-planned-to-kill-professor-with-ax",
  "title": "FBI: Former assistant planned to kill professor with ax",
  "article": "The FBI says a New York City man planned to travel to Michigan and buy an ax to kill a professor he once assisted with research.  Frank Segui (seh-GEE') appeared in federal court this week on charges of stalking and sending threatening communications.  He was arrested last month before boarding a bus from New York City to Detroit. The FBI says Segui planned to kill a professor he blamed for his inability to find a job.  Court records say Segui worked as a research assistant for the professor before a falling-out.  Segui is accused of sending a threatening email to the professor saying he does not deserve life.  Neither the professor nor the university was named in court papers.  An email was sent to Segui's attorney seeking comment."
}
