{
  "domain": "foxnews.com",
  "theme": "EDUCATION",
  "headline": "New York Post : The college - admissions scandal should make everyone furious",
  "date": "20190318T133000Z",
  "url": "https://www.foxnews.com/opinion/new-york-post-the-college-admissions-scandal-should-make-everyone-furious",
  "title": "New York Post: The college-admissions scandal should make everyone furious",
  "article": "The college admissions scandal should be the populist issue of our time. Most of the talk in our politics about how the system is rigged is incredibly abstract and symbolic. But this is infuriatingly concrete.  On Tuesday, the Justice Department revealed a massive effort by wealthy parents and a shady admissions consultant to bribe and cheat their way into getting kids into a slew of elite schools.  LORI LOUGHLIN ONCE BRAGGED ABOUT MONEY SPENT ON DAUGHTER OLIVIA JADES EDUCATION  Prosecutors say William Singer, the ringleader, sold two forms of services. For tens of thousands of dollars, parents could pay to have a proctor correct their incorrect answers as their kids took the SAT. Or they could pay hundreds of thousands to bribe coaches at elite schools to designate applicants as desired athletes, thus circumventing the minimum requirements for grades and test scores.  One California family allegedly paid $1.2 million to Singer, who in turn allegedly paid Rudy Meredith, the womens soccer coach at Yale, $400,000 to claim that the familys daughter was a coveted recruit even though she didnt play at all.  TO KEEP READING IN THE NEW YORK POST, CLICK HERE."
}
