{
  "domain": "foxnews.com",
  "theme": "SOVEREIGNTY",
  "headline": "Former acting ICE director challenges Democrats : What have they done to solve the  crisi at the border ? ",
  "date": "20190329T203000Z",
  "url": "https://www.foxnews.com/politics/former-acting-ice-director-challenges-democrats-what-have-they-done-to-solve-the-crisis-at-the-border",
  "title": "Former acting ICE director challenges Democrats: What have they done to solve the crisis at the border?",
  "article": "Congress needs to do its job and close loopholes that encourage illegal immigration, former acting U.S. Immigration and Customs Enforcement director and Fox News contributor, Tom Homan said Friday.  The Congress has failed the American people. The Democratic leadership, show me one thing theyve done to solve this crisis down at the border, Homan said on Americas Newsroom.  What have they done to address the surge at the border? The only one who is doing anything is this administration. The president has done executive actions, declared national emergencies. Hes getting sued every time he does executive action to try to stem the flow of the tide. The 9th circuit has got him tied up every time he turns around.  On Friday, President Trump, whose 2016 campaign promise was to build a wall along the U.S.-Mexico border, threatened to close the Southern Border next week if Mexico does not immediately stop the record-breaking surge of illegal immigrants flooding into the United States.  Trump's warning comes as Customs and Border Protection officials say March is on pace to exceed 100,000 border apprehensions -- the highest monthly total in a decade. According to CBP, this week alone, agents have more than 12,000 migrants in custody.  The DEMOCRATS have given us the weakest immigration laws anywhere in the World. Mexico has the strongest, & they make more than $100 Billion a year on the U.S., Trump tweeted Friday. Therefore, CONGRESS MUST CHANGE OUR WEAK IMMIGRATION LAWS NOW, & Mexico must stop illegals from entering the U.S. through their country and our Southern Border.  Mexico has for many years made a fortune off of the U.S., far greater than Border Costs. If Mexico doesnt immediately stop ALL illegal immigration coming into the United States throug[sic] our Southern Border, I will be CLOSING the Border, or large sections of the Border, next week, he continued.  This would be so easy for Mexico to do, but they just take our money and talk. Besides, we lose so much money with them, especially when you add in drug trafficking etc.), that the Border closing would be a good thing!  Trump also threatened to close the border at a campaign rally in Grand Rapids, Michigan Thursday.  What needs to be done is Congress needs to close the loopholes. Congress needs to do their job instead of Democratic leadership asking to abolish a federal law enforcement agency for enacting laws that they dont think work. Why dont they do their job and fix the laws so they do work and close the loopholes that entice these people to come? Homan asked.  The presidents tweets and comments threatening to shut down the southern border come after similar warnings earlier in the week, with Trump accusing Mexico and Central American nations of doing nothing as illegal immigration surges.  Trumps initial warning came following comments made by U.S. Customs and Border Protection Commissioner Kevin McAlleenan, who said this week that the border was at its breaking point, noting that there are not enough agents to respond to the flow of illegal immigrants crossing the U.S.-Mexico border.  SENATE VOTES TO BLOCK TRUMP'S BORDER EMERGENCY DECLARATION, IN BIPARTISAN REBUKE TEEING UP VETO  Meanwhile, the president, declared a national emergency in a bid to free up funding for the barrier along the border. This month, the president issued his first veto on a Democrat-backed measure to cancel the emergency.  On Tuesday, House Democrats failed to override Trumps veto, allowing Trump to move forward with the issue.  Trump had declared the border emergency under a law that lets him shift budget funds to address dire situations. His plan is to shift an additional $3.6 billion from military construction projects to work on border barriers. Congress voted this year to limit spending on such barriers to less than $1.4 billion, and Democrats accused Trump of ignoring lawmakers' constitutional control over spending.  New Jersey Democrat Rep. Jeff Van Drew takes a stand on the issue that most Democrats dont, saying he believes the border needs some kind of barrier to solve the crisis.  We are not an open border country. Period. I do not believe in that. I do not believe its good for our security. I do not believe its good for the economic health of the country and I dont think its something we should do, he said Friday.  At the same time take I also believe that we should take care of the Dreamers. These were folks that were here since they were little children and they should go through a process where they learn about America, swear the oath, take the test and become Americans.  TRUMP THREATENS TO CLOSE BORDER 'NEXT WEEK' IF MEXICO DOESN'T 'IMMEDIATELY STOP' FLOOD OF ILLEGAL IMMIGRANTS  This congressman put politics aside for a moment and talked to Fox News about what he thinks needs to be done to fix the border, Homan said in response.  I agree with most of everything he said and thats what needs to happen. I dont care if you are Republican or Democrat, there is no downside on securing our border.  I dont care if you are Republican or Democrat your number one responsibility is protect this nation, protect our sovereignty and secure our border. So I agree with the congressman, Homan continued.  Homan offered a controversial solution to the problem, saying he has done it and it worked.  ICE needs to get out there right now and look for these family groups and these single adults who enter this country illegally. They had their due process, they demand to claim asylum, they demand to see a judge. Ok, weve done that at great taxpayer expense. Theyve been ordered removed by a federal judge, said Homan.  ICE needs to find these family groups and these single adults, find them, detain them and remove them. Because if those orders from a judge dont mean anything, then theres no integrity into our system.  CLICK HERE TO GET THE FOX NEWS APP  Homan said he did this about three-and-a-half-years ago and once we removed a large portion of family units, showing there is deterrence, there is some sort of consequence abiding our laws the numbers on the border went down.  The Associated Press contributed to this report."
}
