{
  "domain": "foxnews.com",
  "theme": "IDEOLOGY",
  "headline": "Conservative leaders urge tech giants to cut ties with Southern Poverty Law Center",
  "date": "20190404T013000Z",
  "url": "https://www.foxnews.com/tech/conservative-leaders-urge-tech-giants-to-cut-ties-with-southern-poverty-law-center",
  "title": "Conservative leaders urge tech giants to cut ties with Southern Poverty Law Center",
  "article": "Following the firing of a Southern Poverty Law Center co-founder amid accusations of harboring a sexist and fostering a racist workplace culture, conservative leaders are calling for tech giants to end partnerships with the organization.  The leaders are asking the largest technology platforms  Amazon, Facebook, Google and Twitter  to cut off the SPLC, which touts itself as the nations hate watchdog.  It is now clear that the SPLC has proven to be a hate-filled, anti-Christian, anti-conservative organization and nothing more than a weapon of the radical left, whose goal is to bully people into compliance with their ideology, the leaders' letter says.  SOUTHERN POVERTY LAW CENTER, FREQUENT CRITIC OF CONSERVATIVES, SEES ITS PRESIDENT STEP DOWN AMID RASH OF DEPARTURES  In recent years, the center has drawn criticism from Republicans and conservatives who have accused the SPLC of unfairly labeling people and groups with conservative viewpoints as bigots. Republican lawmakers have also questioned the working relationship between the SPLC and the FBI.  About two dozen employees reportedly signed a letter saying allegations of mistreatment, sexual harassment, gender discrimination and racism threaten the moral authority of this organization and our integrity along with it.  The report stated that several women on staff were warned about being alone with Dees.  A 2017 complaint against the 82-year-old alleged that Dees made a female employee uncomfortable by touching her shoulder and asking about her visible tattoos, prompting her to contact human resources. Dees denied any wrongdoing but acknowledged the complaint.  CLICK HERE TO GET THE FOX NEWS APP"
}
