{
  "domain": "foxnews.com",
  "theme": "PROPAGANDA",
  "headline": "Warmbier parents push back on Trump comments , blame Kim  evil regime  for son death",
  "date": "20190301T171500Z",
  "url": "https://www.foxnews.com/politics/warmbiers-parents-push-back-on-trump-comments-blame-kims-evil-regime-for-sons-death",
  "title": "Warmbier's parents push back on Trump comments, blame Kims evil regime for sons death",
  "article": "The parents of American college student Otto Warmbier, who died after his detention in North Korea, on Friday countered President Trumps suggestion that Kim Jong Un was unaware of their sons treatment  blaming the evil regime for Ottos death and saying no amount of lavish praise can change that.  The president drew bipartisan criticism for saying during Thursdays summit in Hanoi that he takes Kim at his word.  I believe something very bad happened to him, Trump said. I dont think leadership knew about it.  Fred and Cindy Warmbier released a brief statement on Friday morning reiterating their long-held claim that the regime is responsible for their sons death:  We have been respectful during this summit process. Now we must speak out. Kim and his evil regime are responsible for the death of our son Otto. Kim and his evil regime are responsible for unimaginable cruelty and inhumanity. No excuses or lavish praise can change that.  White House Counselor Kellyanne Conway clarified in an interview Friday on Fox News, however, that the president agrees with the family and holds North Korea responsible. She said Trump was only saying theres no indication Kim knew what happened at the time.  Of course he holds North Korea responsible. He has deep affection and shares the grief of the Warmbier family. That will never end, she said.  The 22-year-old University of Virginia student died in June 2017 after being returned home in a vegetative state. His parents have said he was tortured. The suburban Cincinnati youth was visiting North Korea with a tour group when he was detained in 2016 for allegedly stealing a propaganda poster. North Korea has denied mistreating Warmbier.  Trumps comments on the case drew criticism back home, recalling moments like when he did not challenge Vladimir Putin's denial of election meddling at their 2018 summit.  We shouldn't be naive about this regime and about the way they mistreat their own people. And certainly the way they mistreated Otto Warmbier, Sen. Rob Portman, R-Ohio, said Thursday.  There have been conflicting reports over whether Warmbier was tortured. But Trump himself asserted in September 2017 that Warmbier was tortured beyond belief by North Korea.  Last summer, Warmbiers parents praised Trump after he said the first summit with Kim might not have happened if not for Warmbier, and that Otto did not die in vain.  Fox News Eric Shawn and Jason Donner and The Associated Press contributed to this report."
}
