{
  "domain": "foxnews.com",
  "theme": "DEMOCRACY",
  "headline": "Rep . Tim Ryan holds kickoff rally in Ohio , says he wants to unite  divided country  ",
  "date": "20190407T024500Z",
  "url": "https://www.foxnews.com/politics/rep-tim-ryan-holds-kickoff-rally-in-ohio-says-he-wants-to-unite-divided-country",
  "title": "Rep. Tim Ryan holds kickoff rally in Ohio, says he wants to unite divided country",
  "article": "Days after declaring his candidacy for the Oval Office on ABC's The View, Democratic Rep. Tim Ryan of Ohio held a kickoff rally on Saturday, emphasizing his aim to bring together a divided country.  I'm Tim Ryan and I'm running for president of the United States of America, he said to start the event, eliciting cheers from the crowd.  Ryan stressed throughout his speech in Youngstown, Ohio, that the U.S. had become split and claimed that there were some politicians who've sought to divide us and want to put us in one box or the other.  REP. TIM RYAN LAUNCHES PRESIDENTIAL BID, SAYS HE CAN SENT TRUMP BACK TO MAR-A-LAGO  I'm tired of having to choose, he said. I want us to come together as a country.  He pledged that if he captures the presidency, he'll always consider the publics problems as his own and will work every single day toward improving people's lives.  I will tell you that if there is one value that I will bring to the highest office in the land when I wake up, it's going to be how today can I use every ounce of power that this office has to help ordinary people do something extraordinary today in America.  SANDERS UNLOADS ON TRUMP AT SHARPTON CONFERENCE, SAYS HES RACIST AND THAT IS THE DAMN TRUTH  Ryan added his candidacy to a crowded field of 2020 Democratic White House contenders during an appearance on The View on Thursday.  I can win western PA, I can win Ohio. I can win Michigan. I can win Wisconsin. And that means Donald Trump is going back to Mar-a-Lago full time, Ryan said on the show.  CLICK HERE TO GET THE FOX NEWS APP  He also touted himself as a progressive who knows how to talk to working-class people.  Ryan gained national prominence in 2016 when he launched an unsuccessful challenge to unseat Nancy Pelosi as Democratic House leader.  Fox News Paul Steinhauser and The Associated Press contributed to this report."
}
