{
  "domain": "foxnews.com",
  "theme": "SOC_INNOVATION",
  "headline": "Why Wendy is the only fast food chain with baked potatoes",
  "date": "20190223T104500Z",
  "url": "https://www.foxnews.com/food-drink/why-wendys-is-the-only-fast-food-chain-with-baked-potatoes",
  "title": "Why Wendy's is the only fast food chain with baked potatoes",
  "article": "When you go to a fast food burger chain, the one side dish you can absolutely count on are fries. But for all the chopped and fried taters in the restaurant, one side is conspicuously missing from all but one: baked potatoes.  Wendys baked potatoes might be even more famous than the chains fries. Customers load tubers up with chili, broccoli and cheese, sour cream and chives, and more. The side can get hefty enough to count as a meal of its owneach potato is about 11.5 ounces before adding toppings, according to Thrillist. Wendys sells a whopping 1 million baked potatoes every week, making it a pretty major revenue-builder for the company. So why havent more chains gotten on board?  First of all, lets go back to why Wendys started selling spuds in the first place. In the 80s and 90s, low-fat diets were all the rage. but there was definite appeal to replacing oil-drenched fries with a fat-free potato. Low-carb diets rose and fell, but the modest baked potato kept standing.  CHECK OUT THESE FAST-FOOD FACTS THAT ARE ACTUALLY FALSE  We now know why fat is bad, but the baked potatoes are still a virtuous choice when youre surrounded by fattier, saltier options. A regular baked potato has 270 calories, seven grams each of protein and fiber, and no fat to speak of. Ordering one with broccoli and cheese can add some green to your plate, too. Even loading a potato with cheese and bacon bits wont put the 480-calorie side far off from the 420 calories in a medium order of fries, which only have five grams of fiber and six grams of protein.  As health-conscious customers have made the push to fast food chains to serve more nutritious choicesmost have side salads and apple slicesyoud think a plain baked potato would be a simple no-brainer. But for chains emphasizing the fast in fast food, its not that simple.  If youve ever cooked baked potatoes at home, you know it takes a while, Lori Estrada, Wendys vice president of culinary innovation, tells Thrilist. And we cook them from a raw state, in an oven, wrapped in foil, baked for an hour, just like you would at home.  READ ABOUT THE SECRETS YOUR FAST FOOD WORKER IS KEEPING FROM YOU  Naturally, the cooking itself would take a lot of planning. But theres also the matter of equipment. Fast food restaurants dont typically have convection ovens, like the ones Wendys uses for its famous potatoes. Adding one in every location would be a major expense, and most chains just arent willing to make the moveespecially if Wendys already has its grip on the fast-food potato market.  A few chains have tried to make the jump. Carl Jr. used to sell baked potatoes, and as did Burger King during its early-90s attempt to create a classier environment with table-service Dinner Baskets. Canadian Arbys and select U.S. locations have them on the menu, as does the Mid-Atlantic chain, Roy Rogers. Unless anyone else decides to make push for potatoes, though, youll have to head to Wendys for your fast food non-fry fix if youre in another part of the country.  This story was originally published in Readers Digest."
}
