{
  "domain": "foxnews.com",
  "theme": "IMMIGRATION",
  "headline": "UK authorities pluck migrants from dinghy in English Channel",
  "date": "20190218T191500Z",
  "url": "https://www.foxnews.com/world/uk-authorities-pluck-migrants-from-dinghy-in-english-channel",
  "title": "UK authorities pluck migrants from dinghy in English Channel",
  "article": "British border officials have picked up 34 people who were trying to cross the English Channel in a small boat.  The Home Office said the passengers are thought to be migrants and their nationalities were not known yet.  The office says they were taken ashore in Dover for immigration interviews, while three men were arrested for suspected immigration offenses.  Video shows several people being helped off a dinghy-sized vessel and taken by motorboat to a cutter, HMC Vigilant.  Most migrants hoping to cross the Channel try to stow away on trucks, but more have been making the attempt in often flimsy boats. French authorities counted 71 crossings or attempts in 2018, up from 12 in 2017.  Britain said last year two ships would be redeployed from the Mediterranean to the Channel."
}
