{
  "domain": "foxnews.com",
  "theme": "CORRUPTION",
  "headline": "Rep . Doug Collins : Democrats threatening to subpoena Mueller report are having a  sugar fit  ",
  "date": "20190402T184500Z",
  "url": "https://www.foxnews.com/politics/rep-doug-collins-democrats-threatening-to-subpoena-mueller-report-are-having-a-sugar-fit",
  "title": "Rep. Doug Collins: Democrats threatening to subpoena Mueller report are having a 'sugar fit'",
  "article": "House Democrats readying subpoenas for the full Mueller report are just having a sugar fit, Rep. Doug Collins, R-Ga., told Fox News' Americas Newsroom Tuesday.  Rep. Collins said it is sad House Judiciary Chairman Jerry Nadler is calling a hearing Wednesday to subpoena the Mueller report in its entirety, just so Democrats can claim they are doing something. He said Democrats just cant accept Muellers finding of no collusion between the Trump campaign and Russia.  The problem is they have nothing to do except accept the findings of the report, wait for the report to come out like the rest of America is, but they dont want to do that, Collins, the ranking Republican on the House Judiciary Committee, said.  JUDGE ANDREW NAPOLITANO: BARR CAN'T LEGALLY RELEASE THE FULL MUELLER REPORT, AND HERE'S WHY  Theyre just having a sugar fit that theyre just trying to get something out with, he said.  Nadler and five other House committee leaders sent Attorney General William Barr a letter Monday threatening subpoenas if they dont get the Mueller report and supporting documents without redactions.  Collins said those chairs are having a base problem because they cant let their base realize that they dont have anything to tear down the president with.  Nadler is also being assailed for seeking the full Mueller report even though he opposed the release of the full Starr report on Bill Clinton 21 years ago.  In 1998, Rep. Jerry Nadler strongly opposed the release of the Starr Report on Bill Clinton. No information whatsoever would or could be legally released. But with the NO COLLUSION Mueller Report, which the Dems hate, he wants it all. NOTHING WILL EVER SATISFY THEM! Trump tweeted Tuesday.  Collins said of Nadler's about-face: I would put that under the dictionary under hypocrisy.  During the interview, the congressman sidestepped a question about whether Barr would fight any subpoenas for the report.  I have no problem that he would have no problem talking to this committee about anything he has done, he said in response.  REP. DEVIN NUNES: DEMOCRATS WANT TO GET HANDS ON MUELLER REPORT 'SO THEY CAN LEAK IT TO ALL THEIR BUDDIES IN THE MEDIA'  He said that everything should be released that is legal.  It should have everything that Bill Barr promised and I believe it will, he said. But it should not have classified information, it should not have grand jury information and it should not have the ongoing investigations.  Collins also said Democrats were already claiming a cover-up even without seeing what pages in the Mueller report may be redacted.  Theyve already questioned the very intention and basically the ethics of the sitting attorney general which is abhorrent, he said.  CLICK HERE TO GET THE FOX NEWS APP  He added, They just didnt like the reality. They didnt like the fact that Mueller came out with the report and Barr passed that information along."
}
