{
  "domain": "foxnews.com",
  "theme": "ECON_ENTREPRENEURSHIP",
  "headline": "Hickenlooper targets Green New Deal as  unachievable  ",
  "date": "20190326T221500Z",
  "url": "https://www.foxnews.com/politics/hickenlooper-targets-green-new-deal-as-unachievable",
  "title": "Hickenlooper targets Green New Deal as 'unachievable'",
  "article": "Former Colorado Gov. John Hickenlooper is emphasizing that hes the first Democratic presidential candidate to oppose the Green New Deal.  Hours before a controversial vote in the Senate on the sweeping proposal that aims to transform the countrys economy to fight climate change while enacting a host of new health care and welfare programs, Hickenlooper took aim at the measure in a Washington Post opinion piece titled The Green New Deal sets us up for failure. We need a better approach.  The Green New Deal, introduced in February by Democratic progressive rising star Rep. Alexandria Ocasio-Cortez of New York and Democratic veteran Sen. Ed Markey of Massachusetts, has been savaged by many Republicans as a socialist dream that will bankrupt the country.  While Hickenlooper praised the concept of the Green New Deal as well as Ocasio-Cortez and other supporters for succeeding in galvanizing the country around climate change as never before, he criticized the proposal for shunning the private sector.  The Ocasio-Cortez-Markey resolution gives government the dominant role on investment decisions, but most of the gains we have seen in recent years on renewable energy have come from entrepreneurs and companies responding to incentives from the market and the federal government, not bending to federal mandates, Hickenlooper said.  Hickenlooper also spotlighted that the resolution sets unachievable goals. We do not yet have the technology needed to reach net-zero greenhouse gas emissions in 10 years.  The former two-term Colorado governor also expressed concerns with the Green New Deals high costs, as well as the resolutions federal jobs guarantee, which he argued does little to tackle climate change but would add extra layers of bureaucracy.  While Hickenlooper had issues with the resolution, many of the leading contenders for the Democratic presidential nomination have embraced the proposals.  The Senate held a test vote on the Green New Deal on Tuesday afternoon. Many Senate Democrats slammed the move as a sham and as an attempt by Senate Majority Leader Mitch McConnell  the top Republican in the chamber  to divide the minority party on the resolution, which hasnt even been debated yet in Congress.  Nearly all the Democrats voted present on the bill, bringing the tally to 57 against the resolution and none in support. Four moderate members of the chambers Democratic coalition joined the Republicans in voting against the measure.  Tuesdays editorial wasnt the first time Hickenlooper expressed opposition to the Green New Deal. At a stop last month in the first-in-the-nation primary state of New Hampshire, he said resolution shouldnt be a litmus test that youre either with us or wrong."
}
