{
  "domain": "foxnews.com",
  "theme": "CYBER_ATTACK",
  "headline": "RNC Chairwoman Ronna McDaniel : Mueller report only scandal is . . . the Obama administration",
  "date": "20190418T181500Z",
  "url": "https://www.foxnews.com/opinion/rnc-chairwoman-ronna-mcdaniel-mueller-reports-only-scandal-is-not-trump-its-the-obama-administration",
  "title": "RNC Chairwoman Ronna McDaniel: Mueller report scandal no one is talking about . . . the Obama administration",
  "article": "On Thursday, President Trump was once again completely and totally vindicated by Special Counsel Robert Muellers full report of his two-year investigation into the 2016 presidential election. It is increasingly clear that the only scandal here is the Obama administrations repeated failure to act against Russian cyber meddling, and instead, how they prioritized spying on a political opponent  the Trump campaign  and used a phony DNC-funded dossier as justification.  At a cost estimated to reach $35 million, it was one of the longest and most expensive special counsel investigations ever. To think, this waste of taxpayers money and time all began because of ridiculous allegations against our president in a fake dossier funded by the Clintons and the Democratic National Committee. The FBI, under its former Director James Comey, used the phony dossier to obtain FISA warrants to spy on the Trump campaign.  Thats right  Obama-era officials used an unverified and uncorroborated document as an excuse to spy on the campaign of a candidate for president of the United States. As Attorney General William Barr said during congressional testimony last week, spying on a political campaign is a big deal. Regardless of political persuasion, this is unquestionably appalling. Every single person involved must be held accountable.  After two long years of the ensuing investigation, we deserve an explanation to protect the integrity of our democratic process. We deserve to know why officials at the highest levels of the Justice Department, the FBI, and the Obama administration abused the FISA process, spied on a presidential candidates campaign, and neglected the real problem of which it was well aware: Russias cyber meddling in our democracy.  It is a well-documented fact that the Obama administration knew for two years of Russias attempts to wage a cyber campaign against the United States and yet refused to take any meaningful action to stop it  simply because they didnt take it seriously. In fact, Susan Rice, then the national security adviser, told the White Houses cybersecurity team to knock it off when they began planning a response.  Democrats in Congress should stop launching baseless attacks against President Trump, and should use their oversight authority to find out why the Obama administration was inexcusably asleep at the wheel for so long, how top officials at the DOJ and FBI were able to take advantage of our system and get away with it, and what can be done to ensure it never happens again.  At the same time, Democrats should stop moving the goalposts; first, they wanted an investigation into the 2016 election. Then they called for a special counsel and praised his integrity. Then they got Barrs letter summarizing Muellers findings and suggested it was inconclusive or flawed. So they demanded the full Mueller report, and when they got it, they changed their tune yet again. Now, they demand that Mueller testify before Congress as they continue their search for evidence that simply doesnt exist.  CLICK HERE TO GET THE FOX NEWS APP  The bottom line is that Democrats got everything they asked for, but none of it was enough. They are so upset our president didnt collude with a foreign nation to undermine our democracy, they cant seem to move on and do what they were elected to do: serve their constituents, none of whom even consider the investigation an important issue. American voters will not soon forget their endless attacks on President Trump and their two-year obsession over non-existent collusion. Now, we deserve an investigation into the investigators.  CLICK HERE TO READ MORE FROM RONNA MCDANIEL"
}
