{
  "domain": "foxnews.com",
  "theme": "TAX_FNCACT_PRESIDENTS",
  "headline": "Navy SEAL accused of war crimes reunites with family ,  extremely happy  to be out of brig , California rep says",
  "date": "20190404T160000Z",
  "url": "https://www.foxnews.com/us/navy-seal-accused-of-war-crimes-reunites-with-family-is-extremely-happy-to-be-out-of-brig-california-rep-says",
  "title": "Navy SEAL accused of war crimes reunites with family, 'extremely happy to be out of brig, California rep says",
  "article": "The decorated U.S. Navy SEAL facing a war crimes trial is extremely happy to be out of the brig he was being held in since September, a California House Republican says, and the SEAL's family has been posting pictures of the first time they were allowed to see him in months.  Rep. Duncan Hunters comments on the Brian Kilmeade Show this week come days after President Trump announced that Eddie Gallagher would be moved to less restrictive confinement ahead of the SEALs May 28 court date. Gallagher is accused of killing an injured ISIS prisoner of war in Iraq, amongst other charges, and was relocated this weekend from the brig at U.S. Marine Corps Air Station Miramar to a Naval facility in the San Diego-area.  When I saw him he was kind of out of it. Imagine being in a jail, being treated pretty harshly with a bunch of bad people, sex offender-type people and now you are out, Hunter said on Fox News Radio. He was just extremely happy to be out.  Hunter told Kilmeade that Gallagher had been allowed to see his family, go to a Dennys restaurant on the base and even hit golf balls at its driving range.  TRUMPS DECLARATION ON GALLAGHER FOLLOWS GROWING PUSH FROM REPUBLICAN LAWMAKERS FOR BETTER TREATMENT  But Gallaghers family has accused staff at the Miramar brig of treating him improperly while he was there. Last month, 18 House Republicans wrote in a letter to the Secretary of the Navy that they have received reports that Chief Gallaghers access to counsel and access to food and medical care may have been restricted.  Hunter, in his interview this week, warned the Navy that he is keeping a close watch on what is happening to Gallagher at his current location  and will report his findings to Trump and the American public.  We have guys going to see Eddie almost every other day in San Diego, he said. So we are detailing what they are doing to him\u2026but we got him out of the brig.  Hunter, who joined the Marine Corps after the September 11 attacks and has served in Iraq, like Gallagher, believes prosecutors in the Justice Department and U.S. military want wins and are very vindictive. Hunter also said he thinks they might be trying to retaliate against Gallagher now that the president has taken an interest in the case.  This takes moral courage to look the military in the eye and say hey, you guys are wrong, Im the commander in chief, Im making a decision, Hunter told the radio program. You wont see many presidents that will step out of line like this and do the right thing for the right reasons when you have the entire military establishment and broken system trying to retaliate.  They are going to take it out on Eddie and were going to document that and make sure that the president sees it, and that the American people see it if they do it, he added.  CLICK HERE TO GET THE FOX NEWS APP  Gallaghers family, on a Facebook page that has been posting updates about the case, says the move away from the brig allows him to receive the medical care he needs and deserves, and also the opportunity to adequately and fully prepare for his trial with his legal team.  Family means everything to us, his wife, Andrea, wrote in a message posted on Wednesday night. After 8 combat deployments over the past 15 years, we cherish every waking moment we have together. This is why were so incredibly grateful that President Trump exercised true leadership in granting us time together as we fight the battle of our lives against false charges."
}
