{
  "domain": "foxnews.com",
  "theme": "INSURGENCY",
  "headline": "The Latest : Taliban attack kills 22 Afghan forces",
  "date": "20190317T121500Z",
  "url": "https://www.foxnews.com/world/the-latest-taliban-attack-kills-22-afghan-forces",
  "title": "The Latest: Taliban attack kills 22 Afghan forces",
  "article": "The Latest on the war in Afghanistan (all times local):  Afghan officials say the Taliban have attacked checkpoints in the northern Faryab province, killing at least 22 Afghan forces.  Mohammad Tahir Rahmani, head of provincial council, says the insurgents launched the attack late Saturday against checkpoints manned by police and pro-government militias, setting off a fierce gunbattle that lasted into Sunday morning. The army sent in reinforcements, who were among those killed.  He says another 20 Afghan forces were wounded in the attack.  The Taliban effectively control nearly half the country and launch near-daily attacks on Afghan security forces.  Afghan officials say around 100 soldiers fled their posts and tried to cross into neighboring Turkmenistan during a weeklong battle with the Taliban, in the latest setback for the country's battered security forces.  Mohammad Naser Nazari, a provincial council member in the western Badghis province, said Sunday the soldiers were not allowed to cross the border and their fate remains unknown. The Taliban have posted pictures of captured soldiers on social media.  Jamshid Shahabi, the provincial governor's spokesman, says 16 soldiers have been killed during the ongoing battle, in which the military carried out several airstrikes and dispatched reinforcements. He says a number of soldiers tried to flee, without providing an exact number.  The Taliban effectively control nearly half the country and attack Afghan security forces on a daily basis."
}
