{
  "domain": "foxnews.com",
  "theme": "ELECTION",
  "headline": "Two more arrests in alleged North Carolina election fraud , bringing total to 4",
  "date": "20190306T084500Z",
  "url": "https://www.foxnews.com/politics/two-more-arrested-in-connection-to-alleged-north-carolina-election-fraud",
  "title": "Two more arrests in alleged North Carolina election fraud, bringing total to 4",
  "article": "Two more people were arrested Tuesday in connection with alleged election fraud in a tightly contested race for North Carolinas 9th Congressional District seat, authorities said.  Taken into custody were Tonia Marie Gordon and Matthew Monroe Mathis, each charged with felonious obstruction of justice and possession of an absentee ballot. Mathis is additionally charged with falsely signing the certification on an absentee ballot.  Gordon surrendered to authorities in Bladen County and Mathis was arrested in Sampson County by the Sampson County Sheriff's Office. The arrests come after a Wake County jury indicted five people last week on charges related to ballot-harvesting in Bladen County.  Caitlyn Croom was taken into custody Sunday. She is charged with conspiracy to commit felony obstruction of justice and possession of absentee ballot, according to a North Carolina State Bureau of Investigation news release.  The alleged ringleader, Leslie McCrae Dowless, was arrested last week on suspicion of illegally collecting absentee ballots during the 2018 primary election and 2016 elections, the News & Observer in Raleigh reported. Dowless, 63, is a political operative and faces three counts of felony obstruction of justice, two counts of conspiracy to commit obstruction of justice and two counts of possession of an absentee ballot.  Prosecutors said Dowless' alleged activities benefitted Republican nominee Mark Harris, who beat his Democratic opponent Dan McCready in the November midterm election by more than 900 votes. State election officials tossed the results last month and ordered a new election in the face of evidence that the vote was tainted by alleged ballot-tampering.  CLICK HERE TO GET THE FOX NEWS APP  Prosecutors have accused Dowless of paying workers to illegally collect, forge and turn in other voters ballots in two rural counties with the 9th District, which includes part of Charlotte, the Washington Post reported.  Last month, Harris cited health concerns when he announced that he would not run in the new election. The fifth person indicted, Rebecca Thompson, has not been arrested."
}
