{
  "domain": "foxnews.com",
  "theme": "EDUCATION",
  "headline": "Ohio student suspended after posting Bible verses around school :  I wanted to spread the word of God  ",
  "date": "20190312T210000Z",
  "url": "https://www.foxnews.com/faith-values/ohio-student-suspended-after-posting-bible-verses-around-school-i-wanted-to-spread-the-word-of-god",
  "title": "Ohio student suspended after posting Bible verses around school: 'I wanted to spread the word of God'",
  "article": "A high school student in Ohio is speaking out after she was suspended for posting Bible verses in her school in response to LGBT pride flags displayed in hallways.  Gabby Helsinger, a Lebanon High School student, posted a video on Facebook Friday claiming she is being punished for targeting the schools Gay-Straight Alliance (GSA) club.  On Thursday when I got to school, I see that there were pride flags, posters around my school, Gabby said in the video. And I felt the need to write down some Bible verses so I could put them around my school. And I wrote them down and I put them around the lockers, the walls.  MILLENNIALS CREATE A BIBLE FOR THE INSTAGRAM GENERATION: 'WE...ARE USING IMAGERY IN A MUCH MORE MODERN WAY'  Helsinger said she was coming back from lunch when she saw teachers taking the Bible verses down.  The next day, I got called to the office and there is a letter that says that I have an ISS, which is an in-school suspension, and the reason why I have it is because abuse of others, disrespect, rudeness because I put Bible verses up targeting the GSA organization, she explained in the video. I did not know what the GSA organization was or meant.  Helsinger says she was not targeting any organization by posting verses from the Bible around the school.  Seeing that there [were] people in my school that needed help \u2026 , said Helsinger. They dont need to be living in the confusion of wondering if they should be gay, bi, lesbian, trans  anything like that. And I know that God is the only way that they can be healed by that, and thats why I did it\u2026  In the Facebook video, Helsinger said when the principal asked her why she posted the Bible verses, she said she did it because she wanted to spread the word of God. Helsinger said the principal asked her if she had permission and she answered that she did not because she didnt know she had to ask for permission given people often post notes on students lockers.  In a Facebook post, Helsingers mother said she believes her daughter is being unfairly punished for sharing her beliefs.  BILLS TO CURTAIL LGBT RIGHTS ARE FAILING IN US LEGISLATURES  Lebanon schools celebrates evil and punishes righteousness!! she posted, adding that she appealed the punishment. Posting a Bible verse is not abuse of others, disrespect/insolence/rudeness and in no way was it targeting GSA.  The Lebanon City School Superintendent told Faithwire the schools Student Code of Conduct does not prohibit the sharing or posting of religious text or imagery at school. He also said religious clubs, including the GSA, are allowed to advertise during school hours.  When reached by Fox News, the schools principal, Scott Butler, said he had no comment.  CLICK HERE FOR THE FOX NEWS APP  We do not publicly discuss the discipline of individual students. In general, when a student violates the Student Code of Conduct, there are consequences for those actions, Butler told Fox News."
}
