{
  "domain": "foxnews.com",
  "theme": "INSURGENCY",
  "headline": "Ana Quintana : Mike Pompeo trip to South America underscores US commitment to the region",
  "date": "20190411T134500Z",
  "url": "https://www.foxnews.com/opinion/quintana-pompeo-south-america",
  "title": "Ana Quintana: Mike Pompeos trip to South America underscores US commitment to the region",
  "article": "Secretary of State Mike Pompeo is headed to South America again. He sets off Thursday on a four-day tour that will take him to Chile, Paraguay, Peru, and Colombia. It will be Pompeos sixth trip to Latin America in less than a year in office.  Whats atop his agenda this time? Ramping up hemispheric efforts against Venezuelas dictator Nicolas Maduro in support of interim President Juan Guaido.  Venezuelas humanitarian and political crisis is the worst in the history of the Western Hemisphere. Millions of Venezuelans have fled the country. Those remaining live in dire conditions.  The four countries Pompeo will visit this week are leading international efforts against Maduros dictatorship. In the history of Latin America, this sort of cooperation and consensus is unprecedented.  There is symbolism attached to the trip as well. Three of the four countries  Chile, Paraguay, and Peru  have known oppression firsthand. All were formerly governed by dictatorships and are now democracies. The State Department is highlighting how their democratic transitions can serve as an example for a post-Maduro Venezuela.  Chile today can boast of being Latin Americas most prosperous nation, based on per capita income. This year marks the 30th year anniversary of the plebiscite that started Chiles transition to democracy. And relations between Chile and the U.S. are growing stronger. The administration of President Sebastian Pinera is steadily deepening its cooperation with the U.S. on a variety of security, science, and trade issues.  Paraguay is a dynamic example of a small country punching above its weight. This landlocked South American nation has overcome a history of political instability and dictatorships and is now emerging as a free-market-oriented democracy. It has also maintained diplomatic relations with two key countries, Israel and Taiwan. Pompeos trip marks the first time a U.S. secretary of state has visited the country since 1965. The March 2018 visit by Assistant Secretary of State for Western Hemisphere Affairs Kimberly Breier was historic as well.  Peru suffered through decades of military and authoritarian rule, yet the last two decades have seen an emergence of stable, democratic governance. After more than a generation of armed conflict with the narco-communist Shining Path insurgency, the fighting has finally calmed down. Peru is now making substantial progress in taming its security and cocaine production challenges.  The final stop on Pompeos trip is Cucuta, Colombia. This border town is the primary crossing point for Venezuelans fleeing Maduros dictatorship. Since 2015, over 3 million Venezuelans have left their country. Nearly 2 million have resettled in Colombia, while 700,000 have resettled in Peru.  A United Nations reports estimates that an additional two million Venezuelans will leave in 2019. Despite these millions who have voted with their feet against Maduro  and the millions more aching to be rid of his regime  the dictator refuses to step aside.  While interim president Guaido works to bring much needed humanitarian assistance to beleaguered Venezuelans, Maduro continues to rob them of the nations natural resources, shipping them to Cuba.  Maduros alliances with Cuba, Russia, and China raise the stakes of this crisis. Havana has long had a military presence in Venezuela. The Cuban regimes survival literally depends on subsidized Venezuelan oil.  Maduro is also closely tied to Putins corrupt regime. Moscow recently sent 100 troops and 35 tons of supplies to Maduro. Large scale Russian military action in Venezuela is unlikely, given the distance between the two countries and Moscows capabilities. But by moving troops and supplies into Venezuela, Russia is signaling it intends to protect its investments in Maduro.  As for China, the Venezuelan regime owes Beijing over $20 billion. While Chinas interests are less ideological than the other countries, it does not share the regions commitment to a democratic transition in Venezuela.  The Venezuela problem will not be solved overnight, but hemispheric partnerships with like-minded nations has already advanced diplomatic efforts against Maduro. Fifty-three countries have now joined the U.S. in recognizing Guaido as the legitimate president of Venezuela.  CLICK HERE TO GET THE FOX NEWS APP  The European Union and countries in Latin America have implemented targeted sanctions against regime officials, and the EU also has decreed an arms embargo. Guaido has ambassadors in the U.S, U.K., Colombia and other countries. In multilateral bodies like the Organization of American States and the Inter-American Development Bank, regional countries have voted to replace Maduro officials with Guaidos envoys.  It is critical that the U.S. continue deepening partnerships with like-minded nations in Latin America. As the Venezuelan crisis accelerates and nearby countries deal with the fallout and plan for the post-Maduro future, these relationships are key. Pompeos visit should reassure our partners that the U.S. is committed to engagement aimed to produce a free and democratic Western hemisphere.  CLICK HERE TO READ MORE FROM ANA QUINTANA"
}
